url,content
https://secretlab.co/pages/support,Rest easier when you show us a public post of your Secretlab TITAN Evo / Secretlab TITAN Evo Lite / Secretlab Classics chair and extend your warranty. Enjoy our
https://www.xda-developers.com/secretlab-titan-evo-lite-chair/,"Secretlab claims that these new chairs are ""about 20% cheaper than [Titan Evo chairs] while delivering 95% of the same premium experience."" The"
https://secretlab.co/pages/dc,The Secretlab TITAN Evo DC Collection brings to life your favorite superheroes and villains with the all-new technologies of our award-winning gaming chair.
https://soxy.com/blogs/secretlab-review/?srsltid=AfmBOopnf8nQ3nEmGffUAtnP4TPjQU15QqJtX5WLx7V0szd_T35bERXe,"The Secretlab TITAN Evo Lite is a lighter version of its predecessor, maintaining the ergonomic excellence of the TITAN series but with a more"
http://handknottedorientalrug.com/titan-series.html,"To give you greater comfort, support, reliability and personalization, the new 2020 Series features multiple improvements that will exceed the expectations of even the most discerning."
https://www.canabec.net/?c=202045722,Secretlab titan installation sales. Secretlab TITAN Series. Gaming Chair Features Secretlab TITAN Evo Lite Secretlab EU. Chaise gaming Secretlab TITAN 2020
https://www.homeanddecor.com.sg/interior-design/condominium,Xiaomi Mijia Garment Steamer Iron: A Detailed Review ... The Titan Evo Lite is essentially a Titan Evo gaming chair without two key features. Shopping · Secretlab
https://www.tiktok.com/@hwztech/video/7434940711381847314,Global video community · Open app. Unboxing and setting up the new Secretlab Skins Lite chair sleeves for the Titan Evo 2022. @HardwareZone
https://nerdist.com/article/secretlab-titan-evo-skins-ahsoka-tano-gaming-chair-review/,"We try out Secretlab's TITAN Evo with SKINS in an Ahsoka Tano design. With its many adjustable elements, it makes an excellent office chair."
http://www.msn.com/en-xl/lifestyle/shopping/are-secretlab-gaming-chairs-worth-it/ar-AA18ZRX6?domshim=1&apiversion=v2&noservercache=1&renderwebcomponents=1&wcseo=1&batchservertelemetry=1&noservertelemetry=1,"Depending on the size, each chair can support up to 300 pounds and is nearly impossible to tip over. Every moving part is tested for durability, ensuring the"
https://origano-leith.co.uk/?k=673339930929,"... Secretlab Titan Evo LITE The Best Selling Gaming Chair of 2024 wholesalers, Secretlab Omega review The first and last chair you ll ever need wholesalers,"
https://secretlab.co/products/titan-xxs,"Meet the smallest member of the Secretlab family. The Secretlab TITAN Extra Extra Small (XXS) is a 1:2 collectible designed for our truest fans. Turns out the best things do come in small packages.

Take in the luxurious luster of our all-new Secretlab NEO™ Hybrid Leatherette in Stealth. Or color your room with our softly-textured SoftWeave™ Plus Fabric in Plush Pink or Frost Blue — engineered from the ground up for the Secretlab TITAN Evo. [...] With security features like child-friendly locking casters and support for weights up to 70kg, it is safe for your little ones to sit on. Every Secretlab TITAN XXS sports a 5-year warranty too, simply because it’s built to last, just like its big brother.

Product Features

Award-Winning Comfort

Secretlab TITAN Evo

Resources and Specifications

Frequently Asked Questions

The TITAN XXS is not eligible for discounts via referral links or discount codes. [...] at Secretlab website 4/11 until 4/27. Product pricing subject to change and availability."
https://www.konfigear.com/?p=1568498880453,"Titan evo 2022 secretlab best titan worth it, Secretlab Titan Evo 2022 review Still one of the best gaming best."
https://www.amazon.com/Secretlab-Titan-Cookies-SoftWeave-Gaming/dp/B0CR6FKJDS,"Engineered for even weight distribution and maximum pressure relief, it delivers uncompromising support for long hours of focus. Carefully sculpted ergonomic design that gives you the freedom to move, without compromising on support."
https://www.instagram.com/secretlab/p/DCRGX94pK-Z/,Lead the charge for your team and win all your duels while backed by the same seat powering the sharpest aimers on the world stage.
https://www.facebook.com/photo.php?fbid=1010177934483202&id=100064730136367&set=a.664720745695591,Set the tone with BLACK³. The Secretlab TITAN Evo Lite in BLACK³ SoftWeave® Plus Fabric combines three unique shades of black to add rich
https://secretlab.co/pages/reviews,"Reviews & Awards

Over 10,000 5-star ratings and multiple editors' choice awards can't be wrong — find out what makes Secretlab chairs great with reviews from the press and real users.

TechRadar

TweakTown

Gameranx

Geek Culture

Awards

Reviews

Secretlab TITAN Evo

Gaming Chairs

Secretlab MAGNUS Pro

Sit-to-Stand Metal Desk with Magnetic Ecosystem

Secretlab MAGNUS Metal Desk

with Magnetic Ecosystem

Secretlab Classics Gaming Chair

OMEGA 2020

TITAN 2020

TITAN XL 2020

Featured

Featured"
https://www.cnet.com/tech/gaming/secretlab-titan-evo-2022-gaming-chair-review-it-just-keeps-getting-better/,The Titan Evo 2022 is a comfortable chair with a firm feel. The seat base is wide for larger users and those who like to cross their legs.
https://bestgamingchairs.net/,Best Gaming Chairs · Secretlab TITAN Evo Award-Winning Gaming Chairs · Secretlab TITAN Evo Lite Award-Winning Comfort.
https://www.tiktok.com/@secretlab/video/7350967859411029255,"18.1K Likes, 531 Comments. TikTok video from Secretlab (@secretlab): “Experience ultimate comfort and support with the Secretlab TITAN Evo"
https://gamerant.com/secretlab-titan-evo-lite-chair-review/,"Right out of the package and after a quick and painless building process, the TITAN Evo Lite looks almost exactly like the TITAN Evo, so much so that it even comes in some of the OG Evo’s most popular colors. As Secretlab explains, the chair features 95% of the TITAN Evo’s features, only at 20% less cost to gamers. And in our testing, the TITAN Evo Lite doesn’t feel like a downgrade at all. It is still an exceptional gaming chair that offers the comfort and customization that Secretlab is known [...] Honestly, nothing about the Secretlab TITAN Evo Lite gaming chair feels like a downgrade compared to the other chairs we’ve tested. Rather, the TITAN Evo now feels like an upgrade, with features that seem like bells and whistles and whose utility will vary based on the needs of each person. Price is still going to be a point of contention, though, as the TITAN Evo Lite retails for $449. It’s a cheaper gaming chair, but not a cheap gaming chair. [...] As we’ve said in any Secretlab review, a gaming chair is an investment that pays off in the lack of back pain and the ability to game for longer. The TITAN Evo is easily one of our favorite gaming chairs and now the TITAN Evo Lite slots right alongside it, at a lower price point and with some slight differences in design. Lite might suggest something less-than, but this is a superb chair that anyone would be happy to have as part of their gaming setup or office space."
https://www.hazaris.com/?h=467242612,This Season's Must-Have Gaming Chair Features Secretlab TITAN Evo Lite Secretlab EU
https://www.tiktok.com/@secretlab/video/7169164791662071042,Or take control of the Red Comet with the Secretlab TITAN Evo MS-06S Char's Zaku II Edition. ... Now available for Secretlab SKINS Lite.
https://secretlab.co/pages/liquid,Two ergonomic gaming chairs with dark blue upholstery and distinctive designs. The chair on the. New. Secretlab TITAN Evo. Team Liquid Edition. Upholstered in
https://www.geeksforgeeks.org/best-gaming-chairs/?ref=ml_lbp,"The Secretlab Titan Evo 2024 stands out for its impressive ergonomic design, making it the best-rated gaming chair for comfort and customization"
https://www.tiktok.com/@secretlab/video/7385464309804977425,Experience ultimate comfort with the Secretlab TITAN Evo gaming chair featuring a magnetic memory foam head pillow and a 4-way lumbar support system.
https://www.tiktok.com/@secretlab/video/7185570132041796866,Find out why Echo Esports recommends it for competitive advantage! #EchoRWF #RWF #Warcraft. This information is AI generated and may return
https://simplycodes.com/store/secretlab.co,"$200 Off Secretlab Titan Evo Attack on Titan Edition at Secretlab w/Code ... TITAN Evo Lite: Released in 2024, offering core TITAN features at a more"
https://forums.sherdog.com/threads/finally-ready-to-take-the-plunge-gaming-chair-thread.3764787/page-10,"Blood Ministry

Madmick

Zugzwang

Neo Chair 1-year Warranty​

What our 1-year warranty covers​

What our 1-year warranty does not cover​

jefferz

Steel Belt

Go to page

Go to page

Similar threads

Latest posts

Forum statistics

Share this page [...] Search







Finally Ready to Take the Plunge:  Gaming Chair Thread

Go to page

Go to page

Madmick

Zugzwang

GhostZ06

Steel Belt

KaNesDeath

Double Yellow Card

GhostZ06

Steel Belt

Madmick

Zugzwang

Valhoven

Blood Ministry

Valhoven

Blood Ministry

Slobodan

.

GtehMVP

Red Belt

cmw43

Bad Boys Club

GhostZ06

Steel Belt

Madmick

Zugzwang

KaNesDeath

Double Yellow Card

Valhoven

Blood Ministry

Valhoven

Blood Ministry

SheetsMMAfan

Brown Belt

SheetsMMAfan

Brown Belt

Valhoven"
https://chairsfx.com/gaming-chair-reviews/titan-2020-vs-titan-evo-2022/,"Neo Leatherette, 2022 Series NEW, 2020 Series ; Small, Titan Evo $449-$594, Omega $374-$489 ; Medium, Titan Evo $449-$594, Titan $434-$534 ; XL"
