content,source,url
"I don&#39;t even have a desk, but the commercial is so good that I want this chair now.",YouTube,https://www.youtube.com/watch?v=TgNibIMRDXI
"Came for the music cuz PGL played the ad, but the chair looks pretty good ngl 👍🏿",YouTube,https://www.youtube.com/watch?v=TgNibIMRDXI
"I love this ad. Its crazy how good ads can be if they are thought through and amazing artists put their heart and soul in it. If bin watching this ad multiple times just because of how well made it is. I mean come on the song, the animations, the overall concept. I also realised that brands which mainly adress to gamers are so much better and more creative its amazing!",YouTube,https://www.youtube.com/watch?v=TgNibIMRDXI
Chair looks amazing!! Stoked to lend my music,YouTube,https://www.youtube.com/watch?v=TgNibIMRDXI
This is the hardest commercial for a chair I think of all time. Never thought i would be so hype watching stitching go into leather,YouTube,https://www.youtube.com/watch?v=TgNibIMRDXI
one of the best ads ive ever seen,YouTube,https://www.youtube.com/watch?v=TgNibIMRDXI
RIOT TOOK OUT THE MOAN NOOOOO,YouTube,https://www.youtube.com/watch?v=TgNibIMRDXI
Ads like these makes me wish I was working in their marketing department,YouTube,https://www.youtube.com/watch?v=TgNibIMRDXI
"The moaning chair ad that always appears on league of legend tournaments streams, iconic.",YouTube,https://www.youtube.com/watch?v=TgNibIMRDXI
Already feel nostalgia about PGL Major first time an argentinian team qualified &lt;3,YouTube,https://www.youtube.com/watch?v=TgNibIMRDXI
"If this chair moans like it shows in the advertisement, i&#39;m definitely buying one! xD",YouTube,https://www.youtube.com/watch?v=TgNibIMRDXI
"I bought a Titan Ash Evo 2022 with lumbar pillow, whilst working from home and I have to admit that it&#39;s solid yet comfortable and my back loves it...definitely worth it.",YouTube,https://www.youtube.com/watch?v=TgNibIMRDXI
"I literally want to pay to see the team in action working on this advertisement . so much thought and creativity and amazing music choices. <br>I understand this music taste you need to create depending on the music. Following the music you create. This is the gold standard of gaming advertisement. I really can&#39;t find any bad decisions on the ad. short simple powerful exciting on beat creative inspirational engaging. it ticks all the boxes, for this kind of ad you pay premium price. also the secretlabs chairs seem high quality (never owned one myself) but they seem premium. Great job guys would really love to see the behind the scenes of the ad, I am a content creator and work in marketing and I would love to see a behind the scenes view. I can see the use of macro lens and after effects but sometimes I think it&#39;s CGI but even if it is it&#39;s literally indistinguishable from reality. So well made. Congratulations",YouTube,https://www.youtube.com/watch?v=TgNibIMRDXI
This ad with the amazing music choice deserves an award.,YouTube,https://www.youtube.com/watch?v=TgNibIMRDXI
Seriously worth every cent. We have 3 and they are amazing. The evo 22 looks awesome too love that magnetic pillow and new arm rest style great idea instead of replacing the entire arm rest 🥰👍🏻love that pink too,YouTube,https://www.youtube.com/watch?v=TgNibIMRDXI
this ad is so sick that I watch it from start to finish every single time<br>Update: I bought one<br>Update: I still watch this from start to finish every single time,YouTube,https://www.youtube.com/watch?v=TgNibIMRDXI
"I lightweight freaked out when I saw they were all sold out of omega series which is the only secret labs chairs (at the time)  in my size/weight. Fortunately I was able to speak to customer service they walked me told me what’s up with the newer products. <br>The price is double compared to the omega I bought in early 2018 back in the day but I can already tell my back and joints thank me with the years of comfort that you guys provided! This is by far the best looking and most comfortable office or gaming I’ve ever used, not just owned. Keep it up, definitely going to check in in five years again 😅",YouTube,https://www.youtube.com/watch?v=TgNibIMRDXI
"Been on the 2020 version for 7 months now, and it is so comfortable.  Love it.",YouTube,https://www.youtube.com/watch?v=TgNibIMRDXI
"Now this is an ad that makes me want one of these chairs! Banger chair styling, banger features, all complimented by banger music.",YouTube,https://www.youtube.com/watch?v=TgNibIMRDXI
"This advertisement music went SO hard, god damn. If i had the money, i&#39;d buy the gaming chair on that alone.",YouTube,https://www.youtube.com/watch?v=TgNibIMRDXI
This is the most comfortable gaming chair that I&#39;ve ever seen! 🤩,YouTube,https://www.youtube.com/watch?v=TgNibIMRDXI
This ad  is satisfying to watch ngl,YouTube,https://www.youtube.com/watch?v=TgNibIMRDXI
Just pre-ordered my very own yesterday and I&#39;m so excited since this will be my first ever gaming chair. 😍,YouTube,https://www.youtube.com/watch?v=TgNibIMRDXI
this is the best commercial ever!,YouTube,https://www.youtube.com/watch?v=TgNibIMRDXI
"I have the 2020 Titan, and it&#39;s awesome.  it&#39;s by far the most supportive Chair I&#39;ve used, and since March 2020 I&#39;ve working from Home and sat in it 8 plus hours a day. I like the new feature on this model where you can raise the lumbar support, that would be so good. I&#39;m due to go back to the office soon, and I will miss my chair...might try and persuade the boss to get me 2022...fat chance!",YouTube,https://www.youtube.com/watch?v=TgNibIMRDXI
"This ad makes you wanna start playing a ranked game, such a hype feeling!",YouTube,https://www.youtube.com/watch?v=TgNibIMRDXI
Kreygasm time,YouTube,https://www.youtube.com/watch?v=TgNibIMRDXI
"great work of marketing, i love this ad, the music and how it looks like",YouTube,https://www.youtube.com/watch?v=TgNibIMRDXI
"ngl the visuals are amazing, but let’s be real, we’re here for that “UGH” 🥴",YouTube,https://www.youtube.com/watch?v=TgNibIMRDXI
This is the best ad I have ever seen in my entire life.,YouTube,https://www.youtube.com/watch?v=TgNibIMRDXI
Never skip this ads it&#39;s disgustingly super good,YouTube,https://www.youtube.com/watch?v=TgNibIMRDXI
"the best add ive seen, i could watch that for eternality",YouTube,https://www.youtube.com/watch?v=TgNibIMRDXI
Chat be like : Kreygasm,YouTube,https://www.youtube.com/watch?v=TgNibIMRDXI
From PGL MAJOR ANTWERP and this is really insane advertising on stage ! nice song with a good brand ! ^^,YouTube,https://www.youtube.com/watch?v=TgNibIMRDXI
"Just bought the Titan Evo 2022 in black softweave, can&#39;t wait for it to come!",YouTube,https://www.youtube.com/watch?v=TgNibIMRDXI
&quot;BRIEEEEEEEE MODE&quot; is the first thing I thought of when this came up lol,YouTube,https://www.youtube.com/watch?v=TgNibIMRDXI
"When you use YouTube to actively SEARCH for an ad, it must be good.",YouTube,https://www.youtube.com/watch?v=TgNibIMRDXI
Best ad ever made in history of Twitch TV.,YouTube,https://www.youtube.com/watch?v=TgNibIMRDXI
Saw this TVC in Valorant Champions. And it&#39;s been stuck in my head ever since. Kudos to the marketing team of SecretLab.,YouTube,https://www.youtube.com/watch?v=TgNibIMRDXI
This is the only add I don’t skip,YouTube,https://www.youtube.com/watch?v=TgNibIMRDXI
"I came here because I needed major feelings, the only advertisements that everyone liked to watch in the arena,<br>Damn I already miss the major...",YouTube,https://www.youtube.com/watch?v=TgNibIMRDXI
Its the music dude!! Btw chair is so good.,YouTube,https://www.youtube.com/watch?v=TgNibIMRDXI
Kreygasm best ad for pgl tournament,YouTube,https://www.youtube.com/watch?v=TgNibIMRDXI
"hardest commercial ever, gives PGL navi win nostalgia",YouTube,https://www.youtube.com/watch?v=TgNibIMRDXI
reeeeeEEEEEEEEEEEeeeeeeeEEEEEEEEEEEEEEEeeee <br><br>...oh <b>Kreygasm</b>,YouTube,https://www.youtube.com/watch?v=TgNibIMRDXI
"I HAD A HARD CHOICE BETWEEN THE DXRACER AND SECRET LAB CHAIRS, BUT AFTER THIS ADVERTISING I DECIDED TO BUY THE SECRET LAB AND DON’T REGRET",YouTube,https://www.youtube.com/watch?v=TgNibIMRDXI
"I came here to watch the ad, and this ad played when I wanted to watch this XD. Wheey I get to watch it twice",YouTube,https://www.youtube.com/watch?v=TgNibIMRDXI
"unbelievable, this is reklama which make you to not change any channel more than this, I want to find more to buy one. High quality advertise, Bravo",YouTube,https://www.youtube.com/watch?v=TgNibIMRDXI
This will be a grear upgrade from my 2020 Titan!,YouTube,https://www.youtube.com/watch?v=TgNibIMRDXI
This ad single handedly bringing in MASSIVE PROFITS 😂,YouTube,https://www.youtube.com/watch?v=TgNibIMRDXI
"normally im a guy who buys everything in black, black is just my favourite color, but the Cookies and Cream Combination is so cool.",YouTube,https://www.youtube.com/watch?v=TgNibIMRDXI
I think secret labs MIGHT be missing a trick. I play games but I also play guitar for a living. If this chair had retractable/flip arms I would buy one In a heartbeat. If they had that I think more musicians would buy it too as they&#39;d be able to use the chair to play guitar on! Right now the arms would get in the way of the body of the guitar! But god they look good and well built!,YouTube,https://www.youtube.com/watch?v=TgNibIMRDXI
Really good ad,YouTube,https://www.youtube.com/watch?v=TgNibIMRDXI
"Cool very cool ad, First I searched for an ad after watching it in middle of an Overlanding video.",YouTube,https://www.youtube.com/watch?v=TgNibIMRDXI
PGL MAJOR got me here coz of the song lol,YouTube,https://www.youtube.com/watch?v=TgNibIMRDXI
I saw this ad for the first time at VCT in LA and IT WENT SO HARD IN THE KIA FORUM WTFFFFFFFFFFFF,YouTube,https://www.youtube.com/watch?v=TgNibIMRDXI
Best thing that I bought in a long time,YouTube,https://www.youtube.com/watch?v=TgNibIMRDXI
I can just see Twitch Chat going crazy for this AD.,YouTube,https://www.youtube.com/watch?v=TgNibIMRDXI
only ad I don&#39;t skip,YouTube,https://www.youtube.com/watch?v=TgNibIMRDXI
"I literally just bought a 2020 one, so annoying! Definitely would have just waited if I knew they were going to release this. I really want the upgrades they’ve got on the new chair too",YouTube,https://www.youtube.com/watch?v=TgNibIMRDXI
My gf got me a T1 skin of this chair and it is the best gift I&#39;ve ever received in my life,YouTube,https://www.youtube.com/watch?v=TgNibIMRDXI
"now boys, this is how you attract customers",YouTube,https://www.youtube.com/watch?v=TgNibIMRDXI
The one who chose this song for the ad should get promoted!,YouTube,https://www.youtube.com/watch?v=TgNibIMRDXI
came for the music &lt;3,YouTube,https://www.youtube.com/watch?v=TgNibIMRDXI
Came here from The VCT stream for the goated music.,YouTube,https://www.youtube.com/watch?v=TgNibIMRDXI
Thanks for the music ❤,YouTube,https://www.youtube.com/watch?v=TgNibIMRDXI
"Ginco-breathe is the full soundtrack, all are welcome.",YouTube,https://www.youtube.com/watch?v=TgNibIMRDXI
"This is a fucking banger, love when I watch lol esports and this ad comes on, damn!",YouTube,https://www.youtube.com/watch?v=TgNibIMRDXI
the best ad in the history,YouTube,https://www.youtube.com/watch?v=TgNibIMRDXI
Best ad of the chakrs i ever seen.,YouTube,https://www.youtube.com/watch?v=TgNibIMRDXI
"<a href=""https://www.youtube.com/watch?v=TgNibIMRDXI&amp;t=7"">0:07</a> Kreygasm",YouTube,https://www.youtube.com/watch?v=TgNibIMRDXI
POV: YOU&#39;RE AT THE PGL MAJOR 2021,YouTube,https://www.youtube.com/watch?v=TgNibIMRDXI
i just subscribed this channel ，not knowing the brand even product but this ad is DOPE！ Thats all！,YouTube,https://www.youtube.com/watch?v=TgNibIMRDXI
what a way to market to gamers! 10/10,YouTube,https://www.youtube.com/watch?v=TgNibIMRDXI
Nobody:<br>CS halftime:<br>REEEEEEEEEEEEEEEE Kreygasm,YouTube,https://www.youtube.com/watch?v=TgNibIMRDXI
the only add i aint skipping,YouTube,https://www.youtube.com/watch?v=TgNibIMRDXI
I always seen this ads.<br>I don&#39;t know why am i laughing at &quot;WEEEEEEEE&quot; part.,YouTube,https://www.youtube.com/watch?v=TgNibIMRDXI
i like this ad so muchh Can we see the work that has been put up to it,YouTube,https://www.youtube.com/watch?v=TgNibIMRDXI
Had this ads on my video. Looks like a very nice chairs 👍🏻,YouTube,https://www.youtube.com/watch?v=TgNibIMRDXI
Im here for the REEEEEEEE,YouTube,https://www.youtube.com/watch?v=TgNibIMRDXI
The person who made this ads had a good gaming chair,YouTube,https://www.youtube.com/watch?v=TgNibIMRDXI
best ad i have ever seen,YouTube,https://www.youtube.com/watch?v=TgNibIMRDXI
Music= ginco-breathe,YouTube,https://www.youtube.com/watch?v=TgNibIMRDXI
"Super cool, its so beautiful.I wish i could have them because i have only a monoblack chair.",YouTube,https://www.youtube.com/watch?v=TgNibIMRDXI
just bought this after i had my titan softweave for 2 years.,YouTube,https://www.youtube.com/watch?v=TgNibIMRDXI
it is THE chair ad,YouTube,https://www.youtube.com/watch?v=TgNibIMRDXI
"everybody talkin abouthow comfortable the chair is, but nobody actually mentions the moans in that add especially <a href=""https://www.youtube.com/watch?v=TgNibIMRDXI&amp;t=7"">0:07</a>",YouTube,https://www.youtube.com/watch?v=TgNibIMRDXI
кто пришел с твича чтоб послушать музыку и посмотреть эту прекрасную рекламу?),YouTube,https://www.youtube.com/watch?v=TgNibIMRDXI
Omg the original version with the moan in it,YouTube,https://www.youtube.com/watch?v=TgNibIMRDXI
Chair look out of this world: &quot;WORLD RECOMMEND&quot;,YouTube,https://www.youtube.com/watch?v=TgNibIMRDXI
Riot really took the Moaning out lmao,YouTube,https://www.youtube.com/watch?v=TgNibIMRDXI
Is it bad that I actually did search for this ad,YouTube,https://www.youtube.com/watch?v=TgNibIMRDXI
BREEEEEEEEEEEEEEEEEEEEEEEEED,YouTube,https://www.youtube.com/watch?v=TgNibIMRDXI
Amazing video!,YouTube,https://www.youtube.com/watch?v=TgNibIMRDXI
Amazing ad!,YouTube,https://www.youtube.com/watch?v=TgNibIMRDXI
I came here just for the incredible ad,YouTube,https://www.youtube.com/watch?v=TgNibIMRDXI
"<a href=""https://www.youtube.com/watch?v=TgNibIMRDXI&amp;t=7"">0:07</a> repeat button for you",YouTube,https://www.youtube.com/watch?v=TgNibIMRDXI
Ad with moan &gt; no moan,YouTube,https://www.youtube.com/watch?v=TgNibIMRDXI
came for the music,YouTube,https://www.youtube.com/watch?v=TgNibIMRDXI
"Hello, i am thinking of getting the plush pink titan (small) - softweave fabric. but i am also afraid of getting stains - in particular period stains - on the seat. it&#39;s so pretty but so light coloured. how do we clean stains on the seat?",YouTube,https://www.youtube.com/watch?v=TgNibIMRDXI
Do you agree with my list? What is your favorite chair?,YouTube,https://www.youtube.com/watch?v=zpIPhAGHSV4
The moment that you realized you are not a kid anymore is like watching The tier list of office chair instead of watching the tier list of League of Legends champions,YouTube,https://www.youtube.com/watch?v=zpIPhAGHSV4
"&quot;Even the best chairs, can be the worst for someone else&quot;  best advice",YouTube,https://www.youtube.com/watch?v=zpIPhAGHSV4
"What a legend. Autonomous Kinn gave him a chair, and he puts it in the lowest tier. Savage.",YouTube,https://www.youtube.com/watch?v=zpIPhAGHSV4
"Bro, where are you keeping all these CHAIRS lmao.<br><br>Great vid",YouTube,https://www.youtube.com/watch?v=zpIPhAGHSV4
"I just bought a Volvo S60 passenger seat at the local scrap yard for 20 bucks and put it on the base of my old office chair. Best decision I made. Real leather, real lumbar support... I even can wire up the heating part if I want to :)",YouTube,https://www.youtube.com/watch?v=zpIPhAGHSV4
Thank you for putting racing chairs at e tier. I couldn&#39;t agree more.,YouTube,https://www.youtube.com/watch?v=zpIPhAGHSV4
"so on the A-tier level he&#39;s put:<br><a href=""https://www.youtube.com/watch?v=zpIPhAGHSV4&amp;t=41"">00:41</a> - Steelcase Leap v2 with Headrest<br><a href=""https://www.youtube.com/watch?v=zpIPhAGHSV4&amp;t=120"">02:00</a> - Herman Miller Embody<br><a href=""https://www.youtube.com/watch?v=zpIPhAGHSV4&amp;t=328"">05:28</a> - Steelcase Gesture",YouTube,https://www.youtube.com/watch?v=zpIPhAGHSV4
"Me: Sitting on my racing chair, oh boy so comfy.<br>David: Gaming Chairs are so shit i&#39;m not even going to cover them.<br>Me: Wow what an uncomfortable chair ew you disgust me.",YouTube,https://www.youtube.com/watch?v=zpIPhAGHSV4
"I literally was in the first <a href=""https://www.youtube.com/watch?v=zpIPhAGHSV4&amp;t=40"">0:40</a> second of the video and was stunned by all the production - nice music, graphics it looks and sounds so good. Thank you for the list!",YouTube,https://www.youtube.com/watch?v=zpIPhAGHSV4
The fact that no chair got rated S-tier makes me believe humans aren&#39;t supposed to sit down. I&#39;ll keep that with me :),YouTube,https://www.youtube.com/watch?v=zpIPhAGHSV4
Ain’t no way I just watched a office chair tier list and enjoy it fam the streets are cold rn,YouTube,https://www.youtube.com/watch?v=zpIPhAGHSV4
"Legend. Too many paid reviews online, good to see someone doing it right.",YouTube,https://www.youtube.com/watch?v=zpIPhAGHSV4
"The tier list:<br>S - (none)<br>A - Steelcase Leap, Steelcase Gesture, HM Embody<br>B - Logitech Embody, HM Aeron, HM Mirra 2, Steelcase Amia<br>C - Ikea Markus, Ikea Volmar, HAG Capisco<br>D - Staples Hyken, ikea Hattefjall, Ikea Jarvfjallet<br>E - Autonomous Kin (aka ErgoChair pro), Gaming chairs / Secret Lab Titan<br><br>HM = Herman Miller.",YouTube,https://www.youtube.com/watch?v=zpIPhAGHSV4
"I give a slight advantage to the Aeron for the ability to buy it used from office going out of business sales, and office supply stores for a significant discount over msrp.<br><br>I am personally able to lounge on it, but only with a foot rest and or pushing off a wall. I think it’s between A and B tier for me.",YouTube,https://www.youtube.com/watch?v=zpIPhAGHSV4
"The video is interesting, but I think it would be great to make a video where the TIERS are price brackets, because if a chair is great but at 1500 €, is it really 5x better than a chair at 300 €?",YouTube,https://www.youtube.com/watch?v=zpIPhAGHSV4
"Just went through the ordeal of getting the wrong chair. And I thought I was being the only picky one. Thank god for you video, it validates everything I am picky about",YouTube,https://www.youtube.com/watch?v=zpIPhAGHSV4
"Being the same build and having similar preferences as you, this review is very helpful.<br>Never seen such flexible chairs you placed in A tier. <br>Definitely taking a look at those options.",YouTube,https://www.youtube.com/watch?v=zpIPhAGHSV4
"I appreciate your honesty. No bs, not long winded, hence I subbed.",YouTube,https://www.youtube.com/watch?v=zpIPhAGHSV4
I&#39;ve suffered from slipped discs and lower back issues... ever since I bought my Herman Miller Aeron i have had ZERO issues. This is the best chair I&#39;ve ever sat in. It&#39;s a size C. Im 6&#39;0&quot; and 215 lbs,YouTube,https://www.youtube.com/watch?v=zpIPhAGHSV4
"<a href=""https://www.youtube.com/watch?v=zpIPhAGHSV4&amp;t=2"">0:02</a> WHAT THE ACTUEL HELL IS THAT MONITOR WHY IS IT SO FEKIN BIG YOU CRAZED MAN",YouTube,https://www.youtube.com/watch?v=zpIPhAGHSV4
"Just got a Hyken and even though it is not a premium office chair, it is an immediately noticable upgrade from any normal chair",YouTube,https://www.youtube.com/watch?v=zpIPhAGHSV4
"After trying all the different high-end Herman Millers, I definitely like the Aeron the most - the way the mesh is structured just fits and accommodates my weirdly proportioned body better than anything else. I have a slightly short leg (by about 8-9mm) and the resulting tilt in my hip resulting in an uneven weight distribution both when standing and sitting, and somewhat-off curvature of my spine, mean that I often get specific hot spots which after (admittedly brief) testing, the Aeron seems to alleviate very niecly.<br><br>The Mirra feels like an amazing chair also, but it&#39;s definitely meant for people with a straighter back than I have (the right side of my back is shifted slightly back - it&#39;s invisible, but you feel it when resting &quot;flat&quot; against something that assumes a &quot;normal&quot; back). I love the customisable placement of the back support, and the chair just generally feels way more high quality and comfortable than you&#39;d expect from the plastic-y look of back rest.<br><br>The Embody&#39;s upper back support is something super unique and I think many, many people will love this one. It&#39;s got all the perks of what a gaming or &quot;executive&quot; chair wish they did (and market themselves to have), and the weird &quot;spine&quot; on its back really does help a lot with back support. I just prefer the mesh of the Aeron for aforementioned reasons. For taller people and anyone wanting the best version of the gamer/racing/&quot;executive&quot; vibe and styling, this is definitely the one - I think it&#39;s got wide marketable appeal and I&#39;m honestly surprised to have seen next to nobody talking about it online, especially considering the recent popularity of gaming chairs, when this is just the straight up upgrade and ultimate evolution (in a really, really good way).<br><br>Now if only I had the money to go after any of these at the moment.. considering to get another mesh chair as a stop gap while slowly putting toward an Aeron - the Komene mesh chair included in Gamers&#39; Nexus&#39; video about gaming chair alternatives looks like something I&#39;d love to try, especially at the price of 240€ via Amazon over here. Definitely tempted to give that one a try, since financing a 1600€ payment for a fully kitted-out Aeron is probably not a great idea right now with other things in my life that also need taking care of.<br><br>(For context, I currently have an Ikea Markus but the seat pan is just a bit too deep for me, I hate the arm rests but want some on my chair, and I want to switch to a headrest-less design for putting up/tying my hair in the summer without losing the ability to rest my back comfortably and recline into my chair. General comfort is good since I got a footrest to alleviate the seat pan complaints, but the arm rests and headrest issues of course persist. That, and I just really enjoyed testing out different mesh chairs, and like mentioned before, the Aeron&#39;s specific way of supporting my body feels tailor-made which is just such a premium experience. Plus, no sticky thighs in the summer with mesh - huge benefit when working from home in a country where home AC is incredibly rare.)",YouTube,https://www.youtube.com/watch?v=zpIPhAGHSV4
"Ive been researching desk chairs 4 months as the dinner table chair for my home desk is starting to be not real comfortable for long focused sessions. This is exactly wanted I needed, thank you.",YouTube,https://www.youtube.com/watch?v=zpIPhAGHSV4
"Recently bit the bullet and bought herman miller mirra 2. <br><br>My lower back pain has vanished 90%, no more leg pain. no more that feeling of blood pooling in my feet &amp; legs. Can be adjust to the smallest detail. <br><br>Best purchase ever.",YouTube,https://www.youtube.com/watch?v=zpIPhAGHSV4
"i went to the steelcase showroom to test out both gesture and leap. sitting experience are very similar on both but gesture has more adjustability on the arm and looks way better. the head rest is good but i think it could be better though. anyway i have using a gesture with the headrest for a year now, most comfy chair i have ever owned. make sure you put into consideration of how warm/cool your room is when picking the fabric. some of them are just way too hot for summer but they will keep you warm in the winter.",YouTube,https://www.youtube.com/watch?v=zpIPhAGHSV4
"Loved this, I hope you keep trying new chairs and adding them to the tier list.",YouTube,https://www.youtube.com/watch?v=zpIPhAGHSV4
Very concise video with just the right level of details put into it. Thanks for your insights David!,YouTube,https://www.youtube.com/watch?v=zpIPhAGHSV4
Agree 100% with the ones I have experience with. Recently tried a Herman miller aeron vs steelcase gesture and the gesture won by a large margin,YouTube,https://www.youtube.com/watch?v=zpIPhAGHSV4
Never in my life did I think I needed a video for an office chair but here I am. Well done!,YouTube,https://www.youtube.com/watch?v=zpIPhAGHSV4
"Also, Markus is INCREDIBLY sturdy. I&#39;ve had one for 7 years and it&#39;s still in perfect conditions. The padding is good, lumbar support and everything. Nice budget option",YouTube,https://www.youtube.com/watch?v=zpIPhAGHSV4
"Calm voice, slick presentation. Thanks, all of them are out of budget for most in India😂",YouTube,https://www.youtube.com/watch?v=zpIPhAGHSV4
"I really like the Herman Miller Verus, it&#39;s HM&#39;s cheapest chair but very good. The mesh back is so comfortable and springy. You can cross your legs on it too and it&#39;s got lots of adjustability.",YouTube,https://www.youtube.com/watch?v=zpIPhAGHSV4
"I bought the Steelcase Leap when Covid forced me to work from home.  I have chronic lower back problems, but I&#39;m comfortable sitting in this chair all day",YouTube,https://www.youtube.com/watch?v=zpIPhAGHSV4
Does anyone know where David has gone? Hasn’t uploaded in 9 months and also hasn’t tweeted in that same time frame.,YouTube,https://www.youtube.com/watch?v=zpIPhAGHSV4
I have a Hyken myself and I&#39;m personally pretty fond of it. I think I was able to get it on sale for about $125 and I&#39;m a big fan of how it feels.,YouTube,https://www.youtube.com/watch?v=zpIPhAGHSV4
"I discovered a new part of youtube, this video is so clean that I can use it to sanitize my eyes",YouTube,https://www.youtube.com/watch?v=zpIPhAGHSV4
Great video. I switched from a gaming chair to a Gesture 6 months ago and it’s been nice. Your video comparing it to the Leap helped me make up my mind. Keep up the good work!,YouTube,https://www.youtube.com/watch?v=zpIPhAGHSV4
This man has gone almost a full year without updating his &quot;dream minimal aesthetic setup&quot;. Congratulations.,YouTube,https://www.youtube.com/watch?v=zpIPhAGHSV4
"Remember, your milage may vary depending on your body type. I&#39;m on the bigger, taller side (220+ lbs, 6&#39;2) and when I compared the Ikea Markus vs the Jarvfjallet in an Ikea store, I found the Jarvfjallet to be more comfortable, even though it ranked lower on this tier list. It&#39;s currently the chair I use now.",YouTube,https://www.youtube.com/watch?v=zpIPhAGHSV4
"I have the Ikea Markus chair with a leather bottom. I bought it two years ago and do not really regret it. The only thing for me is I&#39;ve had it long enough that I have gotten used to it, and find it to be a little to comfortable at times. I fall asleep in it a lot. I am ready to move onto a chair that I can be a little more productive in, lol. I would recommend it for an everyday chair. Very good build quality in my opinion.",YouTube,https://www.youtube.com/watch?v=zpIPhAGHSV4
David is the ultimate curator of technology and peripherals.  David&#39;s insights have saved me from buying throw-away items and focus on products providing long-term value.  FYI: My Steelcase Leap has served me well and is one of the best chairs you can buy.  All day comfort with zero back discomfort.,YouTube,https://www.youtube.com/watch?v=zpIPhAGHSV4
"After doing a &#39;sit-test&#39; at Herman Miller retailer, I agree that the Mirra 2 is underrated. I tried all their chairs and liked it more than the Aeron for task work and gaming positions. Still, the Embody ended up being my choice.",YouTube,https://www.youtube.com/watch?v=zpIPhAGHSV4
"The tip at the end is great.<br><br>Just throwing my two cents in for anyone who needs a bit more research, I have a lesser known chair called the Oak Hollows Aloria.<br><br>It&#39;s absolutely incredible for someone of my height + build being both 6&#39;2 and big boned, it has enough adjustability and space for me to even put my legs up like if I were sitting in a dispatcher chair or leather armchair. I&#39;d put this thing as an easy A tier for myself as it has both helped me with back pain and is suitably comfortable due to it having pretty strong resistance when leaning and how it fits my body type really well.<br><br>However, if you&#39;re a shorter person or are lankier in stature, this chair is a nightmare, even on the lowest possible setting with the smaller sized gas cylinder, this thing was taller than my last chair at max height. It goes so tall that if I used the standard cylinder and put it up as high as it could go, my feet would be dangling off the ground. The resistance is also a problem if your body isn&#39;t the right size to &quot;doorstop&quot; it from springing back because the push back makes it difficult to just lean comfortably as you&#39;ll have to constantly be at war against it to get it to sit still without using the locking mechanism.<br><br>Like David said, try before you buy and keep. I would also like to add that you shouldn&#39;t be worried about being picky for a nice office chair. Think about it, you&#39;re gonna be sitting in this thing for the next 3-5+ years, if it ain&#39;t comfortable and it causes problems, don&#39;t suck it up and &quot;deal with it&quot; cause doing that will lead to back problems in the future.<br><br>Also, remember to stand up and give yourself a good stretch now and then!",YouTube,https://www.youtube.com/watch?v=zpIPhAGHSV4
"I was ready to pull the trigger on an Aeron. Went to the store to give it one last try. Just for fun, I also sat down in the Cosm. Boom. That was it for me. The Cosm only has one adjustment: height. Everything else, the chair decides for you. It just so happens that all those &quot;decisions&quot; are perfect for me. I got the high back version. I&#39;ve had it for a couple of years and I use it for many hours each day. It looks cool and never causes me any problems. It just stays out of the way. The sales person said people either love or hate that one ... so I recommend finding out which category you belong to.",YouTube,https://www.youtube.com/watch?v=zpIPhAGHSV4
&quot;I have only sat in the Secretlab Titan for a minute in the store... D tier.&quot;<br>&quot;This Ikea chair is cheap and kinda sucks... C tier.&quot;<br>What a quality review this is. <b>sarcasm off</b>,YouTube,https://www.youtube.com/watch?v=zpIPhAGHSV4
The office i used to work on had the HM Aeron. I now work from home for another company and to say I miss them is an understatement 😢 I never got a single back cramp with those chairs and now my neck be hurting everyday,YouTube,https://www.youtube.com/watch?v=zpIPhAGHSV4
I got a racing chair for the hype and I regret it everyday doing school work kills me on it. Love your videos,YouTube,https://www.youtube.com/watch?v=zpIPhAGHSV4
"RIP David, he was one the best chair reviewers on YT and a good friend.",YouTube,https://www.youtube.com/watch?v=zpIPhAGHSV4
This is the most chill and enjoyable vid I have watched I’m so long,YouTube,https://www.youtube.com/watch?v=zpIPhAGHSV4
"<a href=""https://www.youtube.com/watch?v=zpIPhAGHSV4&amp;t=14"">0:14</a> Wow that describes me perfectly. I am literally the same height and I also cross my legs, shift a lot, and hate arm rests.",YouTube,https://www.youtube.com/watch?v=zpIPhAGHSV4
"I own the autonomous Kinn Chair ( I am 300 lbs and 6&#39;4) for the last year and I have some qualms with what David mentioned<br><br>I found it disappointing that he gave this E tier since I thought it was at least C.  I actually personally enjoy the lack of cushion on the bottom seat.  Someone that has already some nice cushion on their butt, I find that really any cushion is too much.  I never got the whole part when he said it was a bumpy seat though since I can never feel the bumpiness of the seat.  There are little wrinkles that developed in the mesh part on the seat but it doesn&#39;t apply any textural difference to the seating experience.  I must say that he is correct on the lack of lumbar support sometimes, especially when you&#39;re slouching.   This chair really kind of forces you to sit up all the time which could be good or bad, depends on what you want.  While it does hurt to say sometimes, people my size also have a hard time fitting their more wider waists inside of a chair.  The Kinn chair can fit my wide bum pretty well with no issues.  The time to actually get this was unfortunately when it was 100$ cheaper, before the rebrand.  I got it before the rebrand and while it was black Friday so I ended up spending 412$ (with taxes and shipping).  What I was actually most impressed by was their customer service.  I went to their website, sent a picture since my caster wheels wouldn&#39;t move due to dog hair getting into it.  and they sent me a whole new set of casters along with another gas spring free of charge, and within a couple days of shipping. I think the shipping time was fast due to me living close by their main warehouse in California but they at least gave a tracking number within a day.  I think that good customer service is usually overlooked in many YouTube reviews since they don&#39;t have to ever live that reality.<br><br>If you got to the rest of this comment, Thanks for reading!",YouTube,https://www.youtube.com/watch?v=zpIPhAGHSV4
"As much as I love my Aeron, I totally agree with the criticism that it forces you to sit a certain way. Definitely its biggest weakness.",YouTube,https://www.youtube.com/watch?v=zpIPhAGHSV4
"I&#39;m 30+ and sit in a chair for many hours a day and use a dx racer since ~3 years. I don&#39;t get the hate about it. Since I got it I sit right up, all my neck, back etc. issues are gone and I feel great.",YouTube,https://www.youtube.com/watch?v=zpIPhAGHSV4
"I have two aeron chairs at home. Brilliant, comfortable chairs. I&#39;ve had them for years and have never had any problem, besides for the faux leather being like catnip for two cats in a row, so that now the arm rests are just foam, no leather. Still so comfortable that I have no desire to replace them. Love these chairs.",YouTube,https://www.youtube.com/watch?v=zpIPhAGHSV4
legend has it he&#39;ll post again one day,YouTube,https://www.youtube.com/watch?v=zpIPhAGHSV4
"Great video! I&#39;m leaning towards SteelCase and directly ordering from them. Thoughts being they have a 30 day return period, with free return pick up. Herman Miller may be comparable, but everything I&#39;m seeing is leading me between the Leap and the Gesture. Hopefully one day we&#39;ll both find our &quot;S&quot; tier chair!",YouTube,https://www.youtube.com/watch?v=zpIPhAGHSV4
Clutch tier list. Was just about to buy a chair,YouTube,https://www.youtube.com/watch?v=zpIPhAGHSV4
"Your reviews always seems honest and you focus on meaningful things instead of what manufacturers advertise. Thanks, your videos have been really helpful when I have been updating my setup. I just changed my old gaming chair to used Martela Logic 400 chair. Still getting used to it, because it is much more firm and less relaxed than my old chair, but I do get much better posture with it. I hope my back will get used to it eventually, because finding a good chair is extremely hard and expensive. It shouldn&#39;t be.",YouTube,https://www.youtube.com/watch?v=zpIPhAGHSV4
"I love my Steelcase Gesture with Headrest at home so much that I got a second one for my office.  I sat in my first one so much (seriously, so very much) that the seat started to wear down... and Steelcase shipped me a brand new chair to replace it and all I had to do was use that shipping box to send the other one back to them.  I specifically got this model because I have a neck problem, and I haven&#39;t regretted this chair model for a second.",YouTube,https://www.youtube.com/watch?v=zpIPhAGHSV4
"just gonna throw my experience out there. I&#39;ve a Secret Lab Titan for almost a year. It still looks as good as it did on day one, no sign of wear, and it&#39;s plenty comfortable. I can sit in it for 8 hours and be perfectly fine. I love it. It&#39;s a bit expensive but so far it&#39;s worth it",YouTube,https://www.youtube.com/watch?v=zpIPhAGHSV4
THIS IS THE VIDEO I NEEDED!  Got a Herman Miller (refurbished): Please note you can buy parts and repair/replace these yourself which makes it worth in the long run.,YouTube,https://www.youtube.com/watch?v=zpIPhAGHSV4
"As an owner of 2-3 years of personal experience on the Titan Large chair, I would personally say C tier over D. I think first time impression could possibly lead to D for many reasons, but I CANNOT fathom another chair with the same lounging potential. I can cross my legs on it, lean it back, slouch, put more bottom padding like a seat cushion from purple or another for more comfort, there&#39;s enough space behind you too place some small back pillows if you want adjustability. It sounds like  a lot of praise but honestly I would still say C tier over all. Mine is an older model and my issues have been addressed in recent years because the PU leather will eventually start peeling (mine took a lil less than 3 years) and the arm rests can get wobbly if u get an older model. I would recommend the MESH chairs of them however. Again this is probably still a C tier, and you might find something better for lounging/office use. But it&#39;s not a bad chair unlike most racing gaming chairs.",YouTube,https://www.youtube.com/watch?v=zpIPhAGHSV4
"brief, informative and straight to the point. everything you want in a review",YouTube,https://www.youtube.com/watch?v=zpIPhAGHSV4
Awesome video David. I am on my way back to college and realized how important a comfortable chair is. Double thumbs up,YouTube,https://www.youtube.com/watch?v=zpIPhAGHSV4
I had a significant amount of experience with my work office Aeron. I never quite liked it but I had no choice. For home office setup I went with the Steelecase Gesture + headrest. I have not regret it. Excellent chair.,YouTube,https://www.youtube.com/watch?v=zpIPhAGHSV4
I love ur videos men!. Always speaking calmly and really objetive. This is a video that i&#39;ll send to all my friends. The Racing Chairs are overpriced and a lot of them not comfortable at all.,YouTube,https://www.youtube.com/watch?v=zpIPhAGHSV4
"I have a fully-loaded Aeron size C, with an Atlas headrest. S tier.",YouTube,https://www.youtube.com/watch?v=zpIPhAGHSV4
"Here&#39;s a video I never thought I&#39;d watch, but here we are. Thank you for existing",YouTube,https://www.youtube.com/watch?v=zpIPhAGHSV4
This guy OSS really good at making teir lists. He gets right to the point and is very honest,YouTube,https://www.youtube.com/watch?v=zpIPhAGHSV4
"youve gotta include the price in these man, its an absolutely essential piece of information",YouTube,https://www.youtube.com/watch?v=zpIPhAGHSV4
Probably the best video out there on chairs thank you so much for the thorough list of subjects! Even including both the original and logitech versions of the embody chair was very helpful 💚,YouTube,https://www.youtube.com/watch?v=zpIPhAGHSV4
can add the prices next time for your Tier List please. Great video btw,YouTube,https://www.youtube.com/watch?v=zpIPhAGHSV4
"Your description of the Aeron proves why it is the undisputed king of chairs for solving lower back pain. It forces you to sit properly, and while it might feel strange at first because you&#39;re used to turning your spine into a spaghetti noodle, after a month of sitting it feels like your favorite pair of sweatpants, and your lower back no longer hurts. 90s babies, we&#39;re entering back pain age. Invest in your health and comfort. The thing is also basically bombproof. I&#39;ve had mine for a year and sit in it 2-12 hours a day, and I could roll it out onto a showfloor and sell it as brand new. I imagine I&#39;ll have to leave it to somebody in my will because it will outlast me.",YouTube,https://www.youtube.com/watch?v=zpIPhAGHSV4
"Still the Aeron for me, I had a bunch of back problems and blood flow issues in my legs all of which disappeared since I started using the Aeron. Still the best chair for my back that I&#39;ve ever used.",YouTube,https://www.youtube.com/watch?v=zpIPhAGHSV4
"Dude the Hyken is an A tier. I never had any problems with it, It never made my ass or back  hurt, nor my head. It is a good chair.",YouTube,https://www.youtube.com/watch?v=zpIPhAGHSV4
It would be great to have a summary of the chairs with a more detailed comparison to price,YouTube,https://www.youtube.com/watch?v=zpIPhAGHSV4
"If you&#39;re looking into getting a Herman Miller chair, I highly recommend joining the Herman Miller Discord server. Amazing people there. You can find the link in the subreddit (r/hermanmiller)",YouTube,https://www.youtube.com/watch?v=zpIPhAGHSV4
Finally. Someone who fits my build who can give me advice. Everybody else who I&#39;ve seen do this seems to be a solid 4 or 5 inches taller than me.,YouTube,https://www.youtube.com/watch?v=zpIPhAGHSV4
"He went over his preferences and they where exactly mine too, a man of taste and class",YouTube,https://www.youtube.com/watch?v=zpIPhAGHSV4
"This guys video is silently making million views.<br>And he is gone for months, did anyone ask where he is or how he is?<br>I wish he came back and make us smile again, hope you doing good in life brother.",YouTube,https://www.youtube.com/watch?v=zpIPhAGHSV4
Mirra is so underrated. Can easily be picked up for under $200 and IMO is more comfortable than the Aeron classic with much better lumbar support. Only thing you are losing out on is headrest options,YouTube,https://www.youtube.com/watch?v=zpIPhAGHSV4
"This is one tier list I&#39;ve been longing to see from you, and you delivered. Thank you David.<br><br>P.S: Hopefully you can include the Autonomous ErgoChair 2 (now rebranded as ErgoChair Pro) in a future review, as it is the more popular choice among the rest. I&#39;ve personally owned mine for quite a while and I might list it as in between B and A tier.",YouTube,https://www.youtube.com/watch?v=zpIPhAGHSV4
Why is this so calming to watch,YouTube,https://www.youtube.com/watch?v=zpIPhAGHSV4
This is one of the most helpful videos of all time. Thank you,YouTube,https://www.youtube.com/watch?v=zpIPhAGHSV4
Wondering where the Humanscale Freedom with headrest stands in this rank.,YouTube,https://www.youtube.com/watch?v=zpIPhAGHSV4
I&#39;ve tried a few on your list. Give the RH Logic 400 a try if you can get it. Might make your S tier as armrests are removable.,YouTube,https://www.youtube.com/watch?v=zpIPhAGHSV4
"<a href=""https://www.youtube.com/watch?v=zpIPhAGHSV4&amp;t=375"">6:15</a> if you&#39;re wondering about budget",YouTube,https://www.youtube.com/watch?v=zpIPhAGHSV4
"WOW, props for making an honest critique of the high budget chairs. I too find them good, to great, to meh again, depending on the task.<br><br>I need a good tilt/swivel chair for rocking and slouching but the only high quality one seems to be Steelcase Siento - I haven&#39;t sat in it and therefore have no opinion on it.",YouTube,https://www.youtube.com/watch?v=zpIPhAGHSV4
"Thank you for this list, this helped me discover what options would likely be best for me. Ended up getting the Staples Hyken, and where it is not for you, it is for me. Great work!",YouTube,https://www.youtube.com/watch?v=zpIPhAGHSV4
"Loved the video! I´m looking for a new chair, so my question is which chair do you recomend, The Herman Miller Cosm(High back) or the Secretlab Neue?",YouTube,https://www.youtube.com/watch?v=zpIPhAGHSV4
"I need a good mesh chair, every other one I get peels off or rips apart from sweat and moving over time, im sick of it.",YouTube,https://www.youtube.com/watch?v=zpIPhAGHSV4
S Tier - Vergil&#39;s Chair,YouTube,https://www.youtube.com/watch?v=zpIPhAGHSV4
"Dude your my exact same height and weight, thanks for the insights, what a bro.",YouTube,https://www.youtube.com/watch?v=zpIPhAGHSV4
No fuss or frill straight to the point reviews A+.,YouTube,https://www.youtube.com/watch?v=zpIPhAGHSV4
Straight to the point. Love it!,YouTube,https://www.youtube.com/watch?v=zpIPhAGHSV4
Would you consider looking at Haworth in the future? It&#39;s not the best chair ever but I do enjoy the Fern.,YouTube,https://www.youtube.com/watch?v=zpIPhAGHSV4
"Great video, David! Keep it up.<br><br>It seemed like your latest monitor setup is a single ~40 inch 16:9 screen (correct me if I&#39;m wrong). How are you liking it productivity wise? How do you feel it compares to separated screen real estate that multiple monitors bring? There&#39;s tools that help you split Windows into zones but it&#39;s never the same.<br><br>Thanks for the video!",YouTube,https://www.youtube.com/watch?v=zpIPhAGHSV4
"I’m content with the Hag for office work, because I think it does help with my back problems. I am also curious about other ones, but I believe it is miles better than all the IKEA options.",YouTube,https://www.youtube.com/watch?v=zpIPhAGHSV4
No way we got chair tier list before GTA VI,YouTube,https://www.youtube.com/watch?v=zpIPhAGHSV4
Amazing chair! Highly recommend.,YouTube,https://www.youtube.com/watch?v=loMtVHwjTWQ
Now if you made an ottoman or something of sorts to be on par with a recliner that would be the icing in the cake,YouTube,https://www.youtube.com/watch?v=loMtVHwjTWQ
"I love mine however, I&#39;m so looking forward to the &quot;cushioned&quot; armrests to take away the pressure on the elbows...!",YouTube,https://www.youtube.com/watch?v=loMtVHwjTWQ
Cool chair still waiting for the chair,YouTube,https://www.youtube.com/watch?v=loMtVHwjTWQ
I want MAGNUS Pro white color edition..,YouTube,https://www.youtube.com/watch?v=loMtVHwjTWQ
Please secret lab I BEG you restock akatsuki chair PLEASE,YouTube,https://www.youtube.com/watch?v=loMtVHwjTWQ
Heard good things about your Desk products and Chair. I would love to showcase some of your offerings on my channel :). Let&#39;s do a collaboration!,YouTube,https://www.youtube.com/watch?v=loMtVHwjTWQ
Cool chair. Still waiting on that heavy desk arm......,YouTube,https://www.youtube.com/watch?v=loMtVHwjTWQ
"Can you make a Chair for EvE Online?<br>Oh, and lot of players have CATS. (Like a huge %) plz, every models need a version without any leather :/",YouTube,https://www.youtube.com/watch?v=loMtVHwjTWQ
oh,YouTube,https://www.youtube.com/watch?v=loMtVHwjTWQ
"Do not buy these chairs, they are extremely firm and rattle with every move.",YouTube,https://www.youtube.com/watch?v=loMtVHwjTWQ
"The company&#39;s actions have been disappointing. The desk order was canceled despite receiving the PC bracket and cable management organizer. Attempts to contact them for a shipping label and refund have been unsuccessful, with both requests being denied. As a result, I have been compelled to initiate a dispute with my bank. It is crucial to exercise caution when dealing with this company, as their practices appear to be deceptive. Please keep in mind that this company has the worst customer service. I would never do business with them again. WORST COMPANY EVER....",YouTube,https://www.youtube.com/watch?v=loMtVHwjTWQ
"well for a brief period, buy another cushion for your bum and more cushion, for armrests.",YouTube,https://www.youtube.com/watch?v=loMtVHwjTWQ
beautiful,YouTube,https://www.youtube.com/watch?v=YHSq4bwkHfw
"I have the 2020 chair, but I&#39;d upgrade just for the magnetic pillow...",YouTube,https://www.youtube.com/watch?v=YHSq4bwkHfw
DAMN bro this looks sick 🔥,YouTube,https://www.youtube.com/watch?v=YHSq4bwkHfw
need,YouTube,https://www.youtube.com/watch?v=YHSq4bwkHfw
i wish it came in soft weave. it looks to cool DDDDDD:,YouTube,https://www.youtube.com/watch?v=YHSq4bwkHfw
"make one with a cup holder, i&#39;d definitely get that",YouTube,https://www.youtube.com/watch?v=YHSq4bwkHfw
I want the XL but I&#39;m not that tall but I&#39;m heavier than 220 for the regular what do I do?,YouTube,https://www.youtube.com/watch?v=YHSq4bwkHfw
if only this seat came with a NEW Arkham game,YouTube,https://www.youtube.com/watch?v=YHSq4bwkHfw
I got mine and i love it !!!!!,YouTube,https://www.youtube.com/watch?v=YHSq4bwkHfw
Hello Secret Lab. Can the wheels be replaced with other casters? And will replacing them affect the chair&#39;s performance. I am partial to the rollerblade type.,YouTube,https://www.youtube.com/watch?v=YHSq4bwkHfw
please bring the batman design for softweaft pabric,YouTube,https://www.youtube.com/watch?v=YHSq4bwkHfw
"Hello secret lab, will a titan evo 2022 crack if i dont use the products on the chair?",YouTube,https://www.youtube.com/watch?v=YHSq4bwkHfw
"chair makes alot of noise!!!!don&#39;t get them.Ijust got mine ,regrett it so much",YouTube,https://www.youtube.com/watch?v=YHSq4bwkHfw
Magnus 47inch date release?,YouTube,https://www.youtube.com/watch?v=YHSq4bwkHfw
i have a challenge for the secret lab team. make a left for dead 2 chair (:,YouTube,https://www.youtube.com/watch?v=YHSq4bwkHfw
لماذا لايوجد في المملكه العربيه السعوديه وايضا كثير من البلدان  الرجاء حل هذه المشكله  شكرا,YouTube,https://www.youtube.com/watch?v=YHSq4bwkHfw
I just boutgh today,YouTube,https://www.youtube.com/watch?v=YHSq4bwkHfw
"Desde tan solo dice, y luego entras y cuesta 560€",YouTube,https://www.youtube.com/watch?v=YHSq4bwkHfw
Regalenme una 😭😭😭,YouTube,https://www.youtube.com/watch?v=YHSq4bwkHfw
"Don&#39;t buy SL chairs. Their support is genuinly terrible. I had to do a Bank chargeback to get my money bank - Bank sided with me.<br><br>SL knowingly sends out defective chairs, then informs people via email after dispatching, instead of before.",YouTube,https://www.youtube.com/watch?v=YHSq4bwkHfw
"Watch Next: I Picked The Most Comfortable Office Chair For EVERY Price <a href=""https://www.youtube.com/watch?v=GVat6lGkeVc"">https://youtu.be/GVat6lGkeVc</a>",YouTube,https://www.youtube.com/watch?v=4LGVUK65wUM
Recently made the change from a gaming to an office chair after years of use. The difference is IMMENSE. I would sit in awkward/contorted positions because the gaming chair was so uncomfortable. Now I enjoy my longer gaming sessions and have no back pain or discomfort from the chair. I did get a refurbished Herman Miller aeron tho haha.,YouTube,https://www.youtube.com/watch?v=4LGVUK65wUM
"An underrated aspect of good office chairs is mesh back. It&#39;s very good for gaming and/or in general if your environment is hot. In full chairs, fake or real leather I often sweat quite easily and it feels much less comfortable.",YouTube,https://www.youtube.com/watch?v=4LGVUK65wUM
"I feel the main point of gaming chairs are looks. They are furniture designed to look good from a webcam, hence the backrest needs to be big so it&#39;s not completely obscured by the person sitting in it.",YouTube,https://www.youtube.com/watch?v=4LGVUK65wUM
"I&#39;ve never realised until now that an &quot;office chair&quot; and a &quot;gaming chair&quot; are two separate classes of product. I&#39;ve always thought of them as slightly differently marketed computer chairs and was certain the mechanical qualities are pretty much equivalent.<br><br>This video surprised me greatly. Last time I was picking a chair I have certainly noticed how the &quot;gaming&quot; chairs felt stiffer and less ergonomic than some of the variants of a &quot;non-gaming&quot; chair, even cheaper ones.<br>But I never realised it was locked into their design.",YouTube,https://www.youtube.com/watch?v=4LGVUK65wUM
"Wish I had seen this video before I first got a gaming chair. I&#39;ve had two now and everything you say in the video is so true. Thanks to the hard seats and terrible back support, I often got tailbone pain. I was often leaning forward, too. I decided to try getting an office chair. I didn&#39;t have much of a budget, so I went with something simple and stylish-- the Branch Daily Chair. Leagues better than gaming chairs. I actually sit up straight now!",YouTube,https://www.youtube.com/watch?v=4LGVUK65wUM
"Used to work for a startup that chose gaming chairs for the office, ended up having back pain. Joined corporate after that, they seemed to keep their office up to date with the latest office chairs, so much much better.",YouTube,https://www.youtube.com/watch?v=4LGVUK65wUM
"the biggest difference between a gaming chair and an office chair is probably how long you sit in them on average. when the pandemic started, I started working from home. 6 months in and I had really bad back pain which only went away after upgrading to a Herman Miller Aeron chair. pricey but 2 years later it&#39;s still going strong so it&#39;s well worth the price. I used to play mmorpg games which involved sitting for long periods of time so I was surprised when my gaming chair didn&#39;t cut the mustard for office use.",YouTube,https://www.youtube.com/watch?v=4LGVUK65wUM
"I&#39;ve been using an office chair from the 1980&#39;s for about 6 years now. When my grandfather passed away I went to his house to begin clearing it and getting it ready for the next family. Anyway, I saw his chair he used all the time and he always told me how comfortable it was, though I never sat in it until then. I fell in love with that office chair. Ever since, it&#39;s become my gaming chair and I make sure to take good care of it. It reclines just fine, the cushions feel good, and it&#39;s not too big. My grandfather made a lot of memories sitting in that chair, and now it&#39;s my turn to make some of my own memories in it.",YouTube,https://www.youtube.com/watch?v=4LGVUK65wUM
I feel like gaming chair just gimmick and over rated.,YouTube,https://www.youtube.com/watch?v=4LGVUK65wUM
"One thing not mentioned here but is a clear difference between the both is ventilation. Gaming chairs tend to be made out of leather-like material (or leather, I don&#39;t know precisely) while office chairs have a net or a mesh like material. And even if you can&#39;t see through the back, it still has more potential for ventilation than a gaming chair. <br>Thanks. This video was extremely helpful!",YouTube,https://www.youtube.com/watch?v=4LGVUK65wUM
This was very well put together. Really highlights the advantages/disadvantages of each. Thanks for doing this.,YouTube,https://www.youtube.com/watch?v=4LGVUK65wUM
Definitely the most concise and well put together video Ive seen on this topic. Short and to the point. Excellent.,YouTube,https://www.youtube.com/watch?v=4LGVUK65wUM
"Thank you for making such a detailed comparison! Ever since I got a gaming chair, I&#39;ve been on the side of office chairs because of the overrated &quot;gaming&quot; usage, despite not knowing fully well the differences are. This video definitely opened my eyes for future reference.<br>Although admittedly I think it&#39;d be pretty cool if gaming chairs become more ergonomic",YouTube,https://www.youtube.com/watch?v=4LGVUK65wUM
"One thing you missed about comparing high-end gaming chairs like the Secretlabs Evo Titan to similarly priced office chairs is that high-end gaming chairs are typically more size-inclusive. I&#39;m a tall, wide, muscular, and fat. Even &quot;high-back&quot; office chairs tend not to be tall enough for me. the Titan XL is so much more comfortable than any office chair in its price range for me, because it&#39;s the only chair I&#39;ve come across in its price range that actually fits me while still offering useful ergonomic features, which become even more important for people in my size range",YouTube,https://www.youtube.com/watch?v=4LGVUK65wUM
I bought an Ergo Human full mesh chair 10 years ago. Still going strong. Gotta have the mesh for breathability doing them long sessions. Was pricey but 10 years and going!,YouTube,https://www.youtube.com/watch?v=4LGVUK65wUM
Thanks!,YouTube,https://www.youtube.com/watch?v=4LGVUK65wUM
"This was a really helpful video, thanks. I&#39;m looking at getting a new chair, the current one i have is a pass-down office chair but doesn&#39;t have any lumbar or headrest support. Was looking at a gaming chair but almost everyone i asked said &quot;don&#39;t get a gaming chair&quot;. I&#39;d personally prefer something with a solid leather back to it, rather than mesh though.",YouTube,https://www.youtube.com/watch?v=4LGVUK65wUM
"This video was super helpful. I&#39;ve been working from home since 2019 and mostly been using gaming chairs or cheap chairs from Staples. After having two different times of my back seizing up and hurting for a week+ before I fully recovered, I am now going to be investing in a herman miller chair as soon as I can afford it. I work for 8 hours a day 40 hours a week and typically game after work for 3-5 hours at the same setup and I have finally realized that the chair is the main point that desperately needs to be upgraded.",YouTube,https://www.youtube.com/watch?v=4LGVUK65wUM
"Bought 6 chairs in 4 years, from $300 to $1200 Herman M. The SL Titan is by far the best for me, I can spend over 12 hours a day on it working and gaming. In the end I believe that each person needs to find the right chair that fits them well, it really depends on your body size and type. I’m 6.2 230 athletic, for some reasons a lot of my coworkers are tall dudes too and we all settled with the SL Titan in a no-limit budget workspace. My wife was excited to get my Herman Aeron after I literally hated it, and she ended up ditching it too for the much cheaper Autonomous Ergo Recline… who knows? My advice: try a few models over a week at least, I know it’s a pain to ship them back but your butt will thank you 😊",YouTube,https://www.youtube.com/watch?v=4LGVUK65wUM
"I have a Secret Lab Titan 2020 gaming chair and honestly my favorite use for it is watching movies, and sometimes series. Tilting the seat back while keeping the back almost straight gives a nice relaxed viewing angle. Other than that I can change position as often as I like, and even sit crosslegged if I want.",YouTube,https://www.youtube.com/watch?v=4LGVUK65wUM
"I must say, i used Office Chairs aswell as Gaming Chairs, and i was finding myself Comforting too much in the Office chairs, the Gaming Chairs are less Comfy, but after i had one for a few weeks i started to feel well sitting in it, but i agree with the restricted movement, the Legs are very locked in place and the arm movement is a little restricted aswell.",YouTube,https://www.youtube.com/watch?v=4LGVUK65wUM
So glad I watched this before buying a chair.this is very quality video thank you for aaaaaalll the info I would never imagine of,YouTube,https://www.youtube.com/watch?v=4LGVUK65wUM
"I&#39;ve had &quot;gaming chairs&quot; for years, I was one of those &quot;it&#39;s £300 it must be comfy type people&quot; they weren&#39;t so bad since I only used them a few hours a day, however, now I work from home, I&#39;m in the home office 12+ hours a day, and they are just so uncomfortable. I now have a Herman Miller Embody on order since it will be my most used piece of furniture and will never go back to gaming chairs.",YouTube,https://www.youtube.com/watch?v=4LGVUK65wUM
was planning to buy a gaming chair for work (5-7 hours) an gaming (3-5 hours) purposes; so glad I saw this video...office chair it is.<br><br>Thank you so much for making this video!,YouTube,https://www.youtube.com/watch?v=4LGVUK65wUM
"For anyone that wants a cheap gaming chair but still wants it to be ergonomic, the DPS 3D Insight chair might be an option. It cost me $180 and is a mix between an office chair and a gaming chair. Personally think the lumbar support is really good, and it is approved by the American Chiropractic Association so that&#39;s a plus.",YouTube,https://www.youtube.com/watch?v=4LGVUK65wUM
I just bought the Corsair T3 Rush on offer for 229.  Beautiful gaming chair with breathable fabric. Minimalistic look. I am happy with it as it fully supports my body and back. There is a plus side which you haven&#39;t mentioned about the bucket shaped seats. They won&#39;t allow you to sit in awkward positions that are straining the back.,YouTube,https://www.youtube.com/watch?v=4LGVUK65wUM
It would be great 👍🏽 if you addressed which office chairs are ideal for tall people. The main reason I bought a gaming chair is due to the inability of most chairs to accommodate a long torso. Even tall gaming chairs with the proper back support height are hard to find. (6’6”),YouTube,https://www.youtube.com/watch?v=4LGVUK65wUM
"I used to have an office chair for many years, but it wore out so I recently bought a gaming chair for ~600€ thinking it&#39;d be the best option. The one I got is the Backforce One and I have to say I&#39;m very happy with it. I&#39;m not having any issues, but my standard is obviously lower than yours so maybe you&#39;d only rate it 6.5/10 or something like that. With my very limited knowledge I&#39;d give it a solid 8.5/10.<br>Your video though makes me consider testing a few office chairs to see if I like some of them even better. Thanks!",YouTube,https://www.youtube.com/watch?v=4LGVUK65wUM
"I have always thought gaming chairs were peak comfort. Never got the chance to be able to switch to one, but thanks to this, I can completely forgo this genre of chairs entirely if I want my spine to not be obliterated over the years!",YouTube,https://www.youtube.com/watch?v=4LGVUK65wUM
"i was still hesitating, now im convinced, thanks for high quality highly informative video!",YouTube,https://www.youtube.com/watch?v=4LGVUK65wUM
"what i did to my gaming chair after years  of using it, is i reupholstered it, and used memory foams for it. now it feels good with it still looking like a gaming chair. it cost cheap too.",YouTube,https://www.youtube.com/watch?v=4LGVUK65wUM
"If you play guitar, I recommend keeping that in mind when buying one of these. I got a chair but the arms were stuck in place and had no functionality to go up/down or move whatsoever. The result was that I could never play guitar in that chair because the arms would always get in the way. Now I&#39;m looking for an office chair that can have the arms go completely flat down so the guitar can sit on my thigh for playing.",YouTube,https://www.youtube.com/watch?v=4LGVUK65wUM
"Another consideration is that if you live someplace where there are offices, you can find great deals on office chairs in the second-hand market, sometimes unused. I live in a large metro area and picked up my Steelcase Gesture (with tags!) for about 1/4 of MSRP from a private re-seller",YouTube,https://www.youtube.com/watch?v=4LGVUK65wUM
"I recently splurged on a $800 office chair (which I know is not THAT expensive in the world of office chairs), and man.  It’s so good.",YouTube,https://www.youtube.com/watch?v=4LGVUK65wUM
"Or go for the second hand/refurbished office chairs, a LOT of them are like new and will be better and last as much as any gaming &quot;new&quot; chair. <br>Aeron, Steelcase leap, even series 2, Haworth etc... Go around those 400-600 USD.",YouTube,https://www.youtube.com/watch?v=4LGVUK65wUM
"Have bought a Steelcase Gesture for cheap after watching this, and am very happy with that decision :) Thank you!",YouTube,https://www.youtube.com/watch?v=4LGVUK65wUM
"Thank you so much for talking about seat depth adjustment. It&#39;s the number one thing I look for in both office chairs and car seats, and its something most people don&#39;t seem to know about!",YouTube,https://www.youtube.com/watch?v=4LGVUK65wUM
"I have had many gaming chairs for many years now and I gotta say my back always hurt and I also feel uncomfortable in gaming chairs but I recently made the decision to switch to a really pricey Herman Miller chair and it fixed most of the problems I had in my old gaming chair, my back doesn’t hurt anymore, I don’t uncomfortable and I actually love how it looks since my setup is minimalistic",YouTube,https://www.youtube.com/watch?v=4LGVUK65wUM
As a 6&#39;4&quot; person I wasn&#39;t able to find an ergonomic chair that would be comfortable for me in the same range as the Secret Lab Titan Evo 2022. So I went with the Titan and I couldn&#39;t be happier.,YouTube,https://www.youtube.com/watch?v=4LGVUK65wUM
Thanks,YouTube,https://www.youtube.com/watch?v=4LGVUK65wUM
"I have owned my Haworth Fern Executive chair since this March and it&#39;s one of my finest investment choices I&#39;ve ever made. I considered the Secretlab gaming chair just for that option to really recline but after much research, it wasn&#39;t something I prioritized in my gaming and task oriented home office. One other major feature I wanted was that the chair be delivered fully built and have a much better warranty than the popular gaming chairs. HM, Haworth and Steelcase are expensive for a reason. +++ on the BTOD reclining demo: that looks dangerous and am glad you used a stuntman in your video to showcase it 😁",YouTube,https://www.youtube.com/watch?v=4LGVUK65wUM
I think the reason that I like gaming chairs is that they sorta hold you in place and I personally really like that feeling.,YouTube,https://www.youtube.com/watch?v=4LGVUK65wUM
"I got a gaming chair recently because it was the only option that actually had a head rest that could work for me. Flopping down on an office chair just leads to my neck folding backwards over the top of the chair. It took a gaming chair in order to be tall enough that I could actually rest my neck with it, and even then it usually requires slouching a bit.",YouTube,https://www.youtube.com/watch?v=4LGVUK65wUM
This feels like an add for the titan gaming chair.<br>Either way guys most good office chairs are much more comfortable than gaming chairs.,YouTube,https://www.youtube.com/watch?v=4LGVUK65wUM
"You talked about the sides on the seat portion of the gaming chair, but the sides on the back of the chair are even more annoying if you play on PC. You might find your upper arm ends up hitting or being obstructed by those sides. I&#39;ve noticed many times that I tend to jut my right shoulder out in order to try and stop this from happening and it can become rather uncomfortable...",YouTube,https://www.youtube.com/watch?v=4LGVUK65wUM
"I paid a little over 2 grand for my office chair that was made in Norway, I’ve had it now for over 10 years, still works like new, the leather over the years has a few wrinkles but that’s it, no damaged or cracked leather, as it’s plush leather not painted. I have never regretted this purchase, it has full lumbar support , tilted head rest and adjustable height. It’s extremely comfortable and needs to be so as I spend over 10 hrs at a time sitting at it as a web designer. I would never want a gaming chair over an office chair, this was a fantastic video, thanks.",YouTube,https://www.youtube.com/watch?v=4LGVUK65wUM
"I was one of the people fascinated by the cool designs of gaming chair, but another reason beside the appearance was that I could recline the back. Got a cheap nameless one and I&#39;ve been using it to take naps on it. Definitely not the chair for a healthy seating posture and definitely not ergonomic, but I can still do weird sitting positions without feeling too uncomfortable.",YouTube,https://www.youtube.com/watch?v=4LGVUK65wUM
"Obe used a ton of different chairs for years and only in the past 2 years went to a high-end office chair. The difference is amazing. I&#39;ve sat in my office chair for easily 5+ hours a day, up to 10 or more some days, and have not once had an issue with the comfort of it degrading over time. While sitting in it, the ergonomic design doesn&#39;t make my back ache and makes me feel like I have to lay down for a while to rest. If I ever have to switch chairs, I&#39;ll be getting another office chair over a gaming chair without any hesitation.",YouTube,https://www.youtube.com/watch?v=4LGVUK65wUM
"I&#39;d gone shopping for a chair at a supply store that carries overstocked chairs, desks, and whatnot. The staff there were really knowledgeable about these differences and helped me find a chair that I can sit in for hours streaming or doing research. Thanks for spreading the word!",YouTube,https://www.youtube.com/watch?v=4LGVUK65wUM
I prefer &quot;executive chairs&quot; with actual good arm rests and comfy cushioning tall enough to support my head while leaning back,YouTube,https://www.youtube.com/watch?v=4LGVUK65wUM
"The Logitech x HM Embody is the embodiment (heh) of a next-gen gaming chair IMHO. If HM/Logitech would allow more customisation, and give the option of 0% finance outside of the US, I am sure more people would buy it. <br>People still have the choice of going through suppliers, but the cost probably makes it out of budget for most people. <br><br>As someone who had a &quot;gaming&quot; chair that screwed up my back when I moved to WFH fulltime, I rarely used the &quot;flat&quot; position, and like you said, it is just not practical.",YouTube,https://www.youtube.com/watch?v=4LGVUK65wUM
Agree which is why I opted for Ergo chairs (with mesh seating and back) above Task Chairs and Gaming chairs as I believe ergo comes first before aesthetics and trend.,YouTube,https://www.youtube.com/watch?v=4LGVUK65wUM
"The main reason racing seats look the way they do is because racing will typically produce a lot of lateral forces and the seat needs to hold you tightly in place. In that environment the restrictions are critical and are in fact quite comfortable. You are also typically reaching your feet forward toward the petals, not directly down toward a floor. It’s not surprising then that gaming chairs are not nearly as comfortable as dedicated office chairs because a home office is so completely different from the requirements that resulted in the racing seat’s design.",YouTube,https://www.youtube.com/watch?v=4LGVUK65wUM
"The way i see it, people with more naturally straight backs (Like myself) are better suited for non ergonomic chairs and gaming chairs can fill that need pretty well.<br>I recently bought a highly rated ergonomic mesh chair and while it felt good to sit in, my back began hurting after only a week of use.<br>I sat back in my nearly disintegrated noblechairs hero chair and pain was gone after 1 day of sitting in it.<br><br>However i have 0 doubt that a true high end office chair that doesnt have the weird ergonomic curve would fill my needs just as well but they are literally 200-500 euro more expensive than a mid to high end gaming chair.",YouTube,https://www.youtube.com/watch?v=4LGVUK65wUM
"I actually got a &quot;gaming chair&quot; because it was cheaper. I just needed to replace an old gifted office chair that I had been using for years and had a pretty low budget for it. When going for very low budget chairs, ergonomic chairs just can&#39;t compete with the gaming chairs, because the same &quot;issues&quot; that high end gaming chairs have, are the same things that make the cheapos better. I can&#39;t get a $50 ergonomic chair with a decent recline and adjustable armrests (if it has any). I CAN get a cheap &quot;gaming&quot; chair with a tilt recline and cheap but adjustable armrests, which allows me to stretch my legs and relax my arms, as long as I take good care of the chair since the materials aren&#39;t as strong as a proper one.<br>BONUS: Cheap gaming chairs don&#39;t do bucket seat &#39;cause that&#39;s more padding and that&#39;s less money for them",YouTube,https://www.youtube.com/watch?v=4LGVUK65wUM
as a guy with chronic back pain for the past 17 years. Some office chairs work but the Titan gaming chair is the best chair for me so far. I had $900 Aeron chair I used until I broke it. I just  did not want to shell out another grand on chair.,YouTube,https://www.youtube.com/watch?v=4LGVUK65wUM
The adjustable back is the reason why i dont switch from my secretlab to an office chair. I use it regulary inbetween games to take a quick nap and just relax and i honestly cant live without it anymore.,YouTube,https://www.youtube.com/watch?v=4LGVUK65wUM
"just realised how decent my gaming chair is. i got it for £50 and a lot of the features a typical gaming chair would have, such as side bolsters on the seat and back, aren&#39;t present on my chair allowing me more flexibility. however, i&#39;ve had my chair for almost 6 years now and the amount of wear and tear it has really shows that. definitely looking to get an office chair soon!",YouTube,https://www.youtube.com/watch?v=4LGVUK65wUM
"I&#39;ve never been satisfied with any office chair design I&#39;ve encountered in 30 years and most of the gaming chairs seem little more than just flashy bucket seat (appearing) versions a la racing cars of the same.  But what I do like about deep reclining seats, further than 135-deg back, is that I often raise my legs up and rest them on one of my desks while typing on my laptop and looking up at my larger 4k tv mounted on the wall.  (Since that wall is also the only space in my room for my long desk, the tv is also mounted a little higher perhaps than the supposed optimal eyeline.)  Seats that don&#39;t recline beyond 135-deg are deeply uncomfortable to me.",YouTube,https://www.youtube.com/watch?v=4LGVUK65wUM
That&#39;s it! I am getting an office chair for my home work space. Thank you for sharing what the differences are. (:,YouTube,https://www.youtube.com/watch?v=4LGVUK65wUM
"I was shocked the first time I sat in my ex bf’s gamer chair by how uncomfortable it was. Granted, I’m a 5’4” woman so it was probably always going to be too big for me, but still! I also think they look awful unless you’ve got the entire gamer room set up with the LEDs which is not my vibe… but to each their own at least.",YouTube,https://www.youtube.com/watch?v=4LGVUK65wUM
"Drafting chairs are my favorite, I play guitar at my desk.  Drafting tables have a foot rest ring and hinged arm test that move out of the way so my guitar can fit while seated.  Adjustable armrest don’t move out of the way enough.  I would love a comfy gaming chair with drafting chair features like the foot rest and removable arm rests.",YouTube,https://www.youtube.com/watch?v=4LGVUK65wUM
"The sooner some people come to realisation that gaming chairs are not good for your back health the better.<br><br>They are ridiculously mass marketed and advertised, despite being made by the same set of OEMs from China.<br><br>Office chairs are just better than gaming chairs for productivity and gaming; I use my Aeron and PC gaming without any hassle.",YouTube,https://www.youtube.com/watch?v=4LGVUK65wUM
"I wonder what a gamer who games for hours would rather prefer: Thick padded back piece with no airflow and restriction in movement, or a well venitlated, light and adjustable mesh piece which feels like it&#39;s not even there yet does the job perfectly. <br>Gaming chairs only look like quality but they simply don&#39;t deliver.",YouTube,https://www.youtube.com/watch?v=4LGVUK65wUM
"I&#39;m sitting in the same office chair Asmongold sat in for years. And let me tell you, I will never buy another gaming chair ever again.",YouTube,https://www.youtube.com/watch?v=4LGVUK65wUM
I bought a Secret Lab Titan XL 2022 to replace my really old office chair and I didn&#39;t have the extra money for a good office chair and so far it&#39;s been a good choice. The new design of the seat base is much better than older gaming chairs.,YouTube,https://www.youtube.com/watch?v=4LGVUK65wUM
"I recently got a gaming chair, UVI Alpha, which has some of the things mentioned here as good for gaming chairs: it has built it adjustable lumbar support and the seat is open without those high edges. Should have gone for the office chair ofc (and will do in the future) but this one isnt bad",YouTube,https://www.youtube.com/watch?v=4LGVUK65wUM
"For any office worker or gamer thinking they don&#39;t need adjustability because standard furniture stores offer default models sufficiently matching their body shape, I urge you to go to a store that sells ergonomic furniture, have an employee fit any 500+ dollar chair to your body, and just sit in it for 30 minutes. I promise on your way home you&#39;ll notice you&#39;ve never felt like that after sitting down. Adjusting the lumbar support and arm rests to your individual measurements does way more than you think.<br><br>Note that this works better if you are actively working on something. For relaxing and leaning back, the difference is less marked.",YouTube,https://www.youtube.com/watch?v=4LGVUK65wUM
I have the Titan 2020 and have hated it since Day 1. Seriously in need of a better chair and something high end. Been looking at the Steelcase Gesture with headrest but not quite sure if it would be comfortable for long sitting sessions. I find the Titan chairs to be to hard in the seat and my butt hurting after a short period of time.,YouTube,https://www.youtube.com/watch?v=4LGVUK65wUM
"i switched from officer chairs to a mid priced gaming chair and really enjoy the switch. the big factors involved are my height and how thin i am, at 6&#39;2&quot; most office chairs aren&#39;t tall enough to provide any neck support. <br><br>Most chairs without  a head rest stop about mid shoulder and the head rests fully extended generally have me looking to the sky if i lean back to use them since they are so low. Also the seat depth on my gaming chair is about 4-6 inches deeper than most office chairs and is the first chair to support my whole legs. the gaming chair is also significantly stiffer than my previous office chairs, and holds my posture better, the softer cushions of office chairs allowed my boney body to sink into them and would eventually cause discomfort by putting my body in awkward positions. i also sometimes sit in a very upright position which the car seat like adjustment allows me to sit that way with proper support. also the sides of the chair that are next to your shoulders making your arm range of moment less is practically under my armpit, the bucket seat almost stops no range of motion for me in that fashion.<br><br>2 things of note, the lumbar cushion of my gaming chair is very dense and stiff and my weight has almost no affect on compressing it and the straps elastic holds the cushion in position very well, probably due to my low weight. And the leg rest is pretty much a gimmick, it needs to be like half a foot wider to be functional.",YouTube,https://www.youtube.com/watch?v=4LGVUK65wUM
"Honestly one of my biggest concerns about shopping for a new office chair to replace the aging secondhand library chair that I&#39;ve been on for the past few years now (it&#39;s also pretty comfortable! I&#39;ve been tempted to take it to an upholstery renewal expert instead) is how so few chairs continue the elbow ends of the arm rests all the way to the back rest. I often like to rest my elbow WAY back there, where the arm rests meet the back of my current chair, and I also hang a small towel there (I sweat a lot). I pretty much NEED a chair that has solid resting support for my elbows against the back rest, and none of the ergonomic office chairs I&#39;ve seen are like that.",YouTube,https://www.youtube.com/watch?v=4LGVUK65wUM
"Thank you for bringing up bucket seats. Too many reviewers neglect the fact that &quot;gaming&quot; chairs are designed after uncomfortable racing seats, which are supposed to hold you in place while taking those horizontal g-forces. In contrast, a gaming chair won&#39;t even experience 1% of those forces and restricts your seating positions, fatiguing you quicker. I like the designs but many has too extreme sides for a chair at your desk.",YouTube,https://www.youtube.com/watch?v=4LGVUK65wUM
"I&#39;d never imagined such glaring differences, one really can believe gaming chairs are better but with this new info I will look forward for a more office-style ergonomic chair.",YouTube,https://www.youtube.com/watch?v=4LGVUK65wUM
"For me Gaming Chairs the cheap racer ones are just better than any expensive office chair. I bought Haworth Fern for &gt;1000$ and it was so bad. I tried Herman Miller and Steelcase also not good. I went back to an old cheap gaming racer chair and now I feel comfortable. The other chairs gave me huge chest problems even going so far that it was affecting my heart slightly. I realised that the cheap lumbar support of the gaming chair is exactly what i need and the strenght of it is just perfect. The other chairs just dont deliver me the same results, sadly.",YouTube,https://www.youtube.com/watch?v=4LGVUK65wUM
"I ranted about how bad my experience with the Titan was in the tier list video, and while I am not sure how different the Titan Evo from the original model, I still wouldn&#39;t use it even if it was for free. I&#39;d immediately sell it and buy a 2nd hand ergonomic chair from one of the popular brands/models like HM aeron instead",YouTube,https://www.youtube.com/watch?v=4LGVUK65wUM
"i was in and out of the video multitasking, BUT THANK YOU BEYOND FOR YOUR HELP &amp; THIS VIDEO❕❕❕❕❕❕❕",YouTube,https://www.youtube.com/watch?v=4LGVUK65wUM
"My cheaper gaming chair is depressingly bad, but the one I got from Secret Lab honestly is so comfy to sit in that I think it&#39;s really more about quality. Some cheaper office chairs i&#39;ve used drive me insane, and mesh is not my thing",YouTube,https://www.youtube.com/watch?v=4LGVUK65wUM
"my maine problem with chairs is how I sit. I don&#39;t just sit flat on my ass with my feet on the ground. In fact, I spend 90% of my time sitting with my feet up on the chair itself. I&#39;m constantly readjusting myself using the arms of the chair to lift my bottom completely off the seat so that I can slide my legs underneath me. Sometimes one foot underneath with one knee up, sometimes both knees down and both feet underneath, sometimes both feet in front and both knees up. This is how I manage to sit comfortably over the course of the 12 or so hours a day I spend in my chair.<br>I had an office chair with adjustable armrests, and all the stress I put on them form lifting and adjusting myself eventually caused the hard plastic underneath the cushions to literally crack and break completely. I replaced that with a racer style gaming chair without adjustable arms, but after just a year of use I encountered several issues. Firstly the screws that held the arms onto the chair itself were constantly loose due to the constant shifting and readjusting of weight. I had to tighten them often. Secondly, the main cushion seams began to come loose, and the cushion itself was beginning to break down. I&#39;m not a heavy person (185lbs) but I suppose it was because ALL of my weight was put onto the cushion that it began to flatten. Thirdly was that the chair began to lean heavily to one side.<br><br>I replaced that chair with another regular office chair a few months ago. This current chair&#39;s cushion is a bit flat now, but all together it&#39;s holding up nicely. The arms are also non-adjustable and made of solid plastic, not hollow like the previous adjustable arms, so they are more durable and stress-resistant. However I feel that it&#39;s only a matter of time before this chair also succumbs to the same fate that claimed my last chairs. I can&#39;t help it; this is how I sit. So now I am currently planning a completely new setup: a desk that is low to the ground, allowing me to sit directly on a floor cushion instead of a chair. I feel this will better cater to my specific sitting style and allow me to be more comfortable while working on my computer.",YouTube,https://www.youtube.com/watch?v=4LGVUK65wUM
"Thank you for this breakdown. I fell for the hype around gaming chairs and simply assumed that they were developed for long gaming sessions and would offer additional comfort over a chair that was meant for office work. I&#39;ve been using gaming chairs for a few years and some issues struck me almost immediately. The first being the shoulder wings. I&#39;m by no means a big guy, I&#39;m 6&#39;1, but very much on the lanky side. The shoulder wings really made me feel like I was being squashed together and forward, resulting in a very bad sitting position. I can only imagine how uncomfortable my chair would be for anyone with a broader frame. To add to this, the atrocious lumbar support from the sliding pillow, and also neck support from a similar pillow held on by elastic. I&#39;d have to constantly reposition these things to get any kind of support, sometimes multiple times per day. <br>I&#39;m on the hunt for a good office chair now, one that I can sit comfortably in for many years to come. Unless gaming chairs goes through a fundamental change in the future I won&#39;t touch one ever again.",YouTube,https://www.youtube.com/watch?v=4LGVUK65wUM
Thank you for speaking truthfully,YouTube,https://www.youtube.com/watch?v=4LGVUK65wUM
The most comfortable and ergonomic chair I&#39;ve ever sit it was a lab chair.,YouTube,https://www.youtube.com/watch?v=4LGVUK65wUM
"I have many thousands of hours in a Secret lab titan as I work and game in it. I have a herniated disc in my lower back and severe sciatic pain and muscle spasms. This chair is the first one I&#39;ve ever had that didn&#39;t just not hurt my back, it made it feel better. It also shows no signs of wear after years. It was definitely money well spent.<br><br>Before my office went remote in 2020 we had Herman Millers and they were comfortable but my back started to hurt after a while.",YouTube,https://www.youtube.com/watch?v=4LGVUK65wUM
Can you test the NeueChair? Or did you already in one of your videos?,YouTube,https://www.youtube.com/watch?v=4LGVUK65wUM
"It&#39;s funny because i had a office chair at my work (dont know which one but i know it costed +600€ when they replaced it) and bought a gaming chair at home for around 450€ (Noblechair) at the time (they are more expensive now). I didn&#39;t really saw any difference in comfort, the only noticeable ones were the fact that i found the office chair colder in winter, when the gaming chair kept me warm in winter. No problem from heat for both in summer. And the lower back was better maintained with the office chair.<br>In the end i found the ergonomy of the desk (with enough length for the legs), the footrest and mouse to be the most important parts and what made the difference between my work and house set up when it come to comfort.<br>Great video who point the biggest difference between the 2 chair, tho.",YouTube,https://www.youtube.com/watch?v=4LGVUK65wUM
"I worked out what my problem was. I had office chairs I was using (and hated), but they were pretty cheap (comparitively speaking). When I changed to a Secret Labs gaming chair, my neck and back really thanked me for it. I know when the time comes to look at the more expensive office chair options.",YouTube,https://www.youtube.com/watch?v=4LGVUK65wUM
Extremely useful. Thanks.,YouTube,https://www.youtube.com/watch?v=4LGVUK65wUM
"I got two good gaming chairs from Ewin racing, of course they have all of the same problems as you point out. However, they are certainly more comfortable for my, and my much smaller girlfriends body, than any office chair we have been able to find and try out at local stores. I cant find a comparable chair for a comparable price in any office store. For reference, we took our measurements and matched to the body size charts on their website, we got both on sale for $330. $180 for mine, $150 for hers.",YouTube,https://www.youtube.com/watch?v=4LGVUK65wUM
"Great video, very informative. Excellent job explaining in detail the benefits and detrimental aspects of each style.",YouTube,https://www.youtube.com/watch?v=4LGVUK65wUM
"Got my SecretLabs Titan some years ago and absolutely love it. (Edit - originally bought it in 2017.) I’m a big man, and the chair fits me great. Most office chairs I’ve used were comically small for me, to say nothing of comfort level or ergonomics. Very informative video though. Once my Titan needs replacing I will know what to look for. It may be awhile, my Titan still looks and feels new. Even the foam is still firm.",YouTube,https://www.youtube.com/watch?v=4LGVUK65wUM
I chose a gaming chair with a footrest because I have POTS and get lightheaded if I sit/stand for too long and like that if I start to notice it I can immediately lay down on the chair rather than having to get up and move and risk passing out,YouTube,https://www.youtube.com/watch?v=4LGVUK65wUM
I use a 100 year old neo gothic dining chair,YouTube,https://www.youtube.com/watch?v=4LGVUK65wUM
"basically what I&#39;ve learned from a recent reddit post is there are two choices, office chairs and secret labs lol, the gaming chair i had and tried felt so uncomfortable, especially since I like switching my position quite often, I also use to sometimes switch positions kneeling in my chair with my chest towards the rest, the gaming chair because of the high back rest doesn&#39;t allow for that. I think there should or can be a good mix between the two though, i love the lay all the way back feature and i think a head rest when your sitting in a more leaned forward position can be flipped down, the racing chair design can be axed for something stylish but comfortable imho. but ya my old, cheap, kind of destroyed office chair is still really comfortable even if I would like some more booty padding.",YouTube,https://www.youtube.com/watch?v=4LGVUK65wUM
"BTODtv should take a look into the &quot;Backforce One Plus&quot;, &quot;Backforce V&quot;,  the ADEPT gaming chair lineup, the GAMECHANGER chair lineup or even some of RECARO chairs. Most of them have more functonality than some 600,- bucks office chairs.",YouTube,https://www.youtube.com/watch?v=4LGVUK65wUM
"Honestly the best chair I find is just a good sturdy adjustable height piano bench. All that swiveling and rolling and tilting of office style chairs always makes me feel unstable, and I tense up and strain to make up for that instability. The solid grounding of a piano bench enables me to move around freely without tension.",YouTube,https://www.youtube.com/watch?v=4LGVUK65wUM
"I bought a gaming chair because I wanted to be able to adjust the back angle and fix it in place. I used to have office chairs, cheap ones admittedly, and all of them broke because of the tilting mechanism. So in order to improve longevity I wanted a chair where I can angle the back without tilting the whole seat.",YouTube,https://www.youtube.com/watch?v=4LGVUK65wUM
You rock for doing this video. I learned so much. Thank you man.,YouTube,https://www.youtube.com/watch?v=4LGVUK65wUM
But when you&#39;re sitting on a gaming chair you got more fps,YouTube,https://www.youtube.com/watch?v=4LGVUK65wUM
thank you I have been using a gaming chair because it is cool and I spend so much time in it and it is uncomfortable af.  I knew there had to be a better way.,YouTube,https://www.youtube.com/watch?v=4LGVUK65wUM
for me the lack of lumbar support makes the gaming chair a nonsense that is really made for people that don&#39;t have to sit for 8 hours typing away,YouTube,https://www.youtube.com/watch?v=4LGVUK65wUM
