,url,content
0,https://cybeart.com/pages/gaming-chairs?srsltid=AfmBOopmorizU8oT7uJx8VVHXAcGiLFpOTbDEspwIPbUlYgZVTXxebLO,"Class 4 Gas Lift

The seamless seat height adjustment provided by our BIFMA-certified heavy-duty class 4 gas lift makes it easy to safely adjust this gaming chair for people of any physique.

CERTIFICATIONS

Certified by world's top established industry standards



Tested and Certified to be the Best! Be worry free with our products backed with warranties beyond industry standard.

TECHNICAL SPECIFICATIONS

WHAT'S IN THE BOX

LIMITED

Extended 5-Year Warranty [...] Whether you know or are a hardcore gamer or you've simply picked up a Nintendo Switch to help you pass the time, these products might just be what you're looking for to upgrade your at-home gaming experience.

The most impressive brand debut in gaming chair history..............On a technical and aesthetic level, these chairs are ultra-high-end.

EXPLORE FEATURES

NOW STRONGER THAN EVER

Cybeart Supreme PU Leather [...] You're probably worried about leather wearing out or peeling, getting hot while sitting! Say good bye to all of that. Now stronger than ever, Cybeart's Supreme PU leather gives our chairs an outstanding longevity while also keeping you cool as a result of breathable leather.Certified by TÜV SÜD to last more than 200,000 abrasion cycles, the PU leather on our chairs is ten times more durable than the industry standard leather (lasting only 20,000 cycles)."
1,https://www.dell.com/en-us/shop/alienware-s5000-gaming-chair/apd/ab790464/gaming-gaming-accessories,"Alienware S5000 Gaming Chair ; Recommended Weight. up to 120kg / 260lb ; Materials. Steel (frame), UPHR Foam, PUC Leather, Aluminum Alloy (base) ; Package"
2,https://www.amazon.com/Ergonomic-Adjustable-Armrests-Reclining-High-Back/dp/B0DHGF14PX,"Sink into the luxury of high-density foam cushioning and a memory foam pillow, providing maximum comfort for extended gaming or working sessions. BUILT TO ENDURE -- Engineered with a robust metal and premium PU leather, this gaming chair is designed to handle the rigors of daily use."
3,https://secretlab.co/collections/omega-series,"Secretlab PRIME™ 2.0 Leatherette is stress-tested in our lab for durability, abrasion and flex resistance — far more rigorous than industry standards, for years of real-world use.

All-day comfort with the Secretlab Signature Memory Foam Head Pillow. Made of dense premium memory foam coated in a layer of cooling gel and wrapped in velour for a soft touch.

Resources and Specifications

Frequently Asked Questions [...] Once your order ships, you'll receive a shipping confirmation email and tracking number, so you can follow your package as it makes its way to you. However, tracking information can take up to 24 hours to update, so don’t worry if it doesn't show up immediately. We recommend tracking your order and ensuring that you’re home on the day of delivery to receive your order.

Peace of mind with up to 5-year warranty

TITAN 2020

TITAN XL 2020

Complete Your Setup

Secretlab TITAN Evo [...] Product Warning
                        For California Residences: Learn about Proposition 65.

Proposition 65 Warning for California Consumers

WARNING: This product contains chemicals known to the State of California to cause cancer and birth defects or other reproductive harm. For more information go to www.P65Warnings.ca.gov.

Cart Error

What's In The Box

What's In The Box

Up to 5-Year* Extended Warranty with top class support

Secretlab 3-Year Warranty"
4,https://www.dxracer.com/collections/gaming-chairs/specifications?q=blade&srsltid=AfmBOoq_9HtWoQua8Vl0A0oHVF-cMWMgb9sM_i5XU_NqcVwjrEs_a-li,"Made from soft memory foam and a cozy layer of cotton elastic fabric, it provides the support you need during long gaming sessions. Show More"
5,https://www.razer.com/lifestyle/gaming-chairs?srsltid=AfmBOoqVbFzh83XsbMLNlPrcLUQkb3KG4WU2V39eZavdRswyjK4nogT8,"From gaming and streaming to working and studying, find the support you need for just about anything. With 3 distinct designs available, discover how each chair brings something different to the table.

RAZER GAMING CHAIR

5-Year Extended Warranty Program

Add On The Support

Round out your sitting experience with these PC gaming chair accessories.

FIND YOUR BEST GAMING CHAIR WITH US

TRIED & TESTED BY THE WORLD’S BEST

Endorsed by esports

CHAIRS FOR NON-STOP GAMING AND FATIGUE‑FREE WORK [...] The first step is to determine what type of comfort and support is most appealing to you. We’ve built three chair lines that each offer a unique experience.If ergonomics and good posture are a priority, the Iskur V2 is our premium gaming chair that focuses on optimal back support and all‑round adjustability.If all-day comfort is key, our Enki line is designed for optimal weight distribution to minimize pressure and sitting fatigue, making it the perfect gaming chair for long hours of use.If [...] BEST SELLERS

Products

Quick Links

GAMING CHAIRS

Find the support you’re looking for with a range of specialized gaming chairs engineered to meet your exact needs. Whether you’re after the best ergonomic chair for optimal posture, the most comfortable chair for all-day work and play, or a breathable mesh design to keep you cool, we’ve got it all covered.

EXPLORE OUR RANGE"
6,https://rog.asus.com/apparel-bags-gear/gear/rog-chariot-x-core/,"ROG Chariot X Core gaming chair in racing-car style, featuring an adjustable high-density foam headrest, memory-foam lumbar support, 4D armrests, tilt mechanism"
7,https://www.vertagear.com/products/sl5800-ergonomic-gaming-chair,"New 800 Series

SL3800

SL5800

PL4800

PL6800

S-Line

SL2000

SL4000

SL5000

P-Line

PL1000

PL4500

PL6000

PL4500 Crystals from Swarovski

Triigger Line

Triigger 275

Triigger 350

Triigger 350 Special Edition

The New Vertagear 800 Series 
The Number of Infinite Perfection

VERTAGEAR SIGNATURES

""The Vertagear SL5800 gaming chair is a seriously stylish, seriously comfortable chair that's ideal for gaming or office work.""

Read more [...] The Vertagear 800 Series revolutionizes ergonomics to an entirely different dimension. Through a series of
            groundbreaking research and new technology focused on spinal health, we've designed a chair that will tailor
            itself to you specifically. Dive into the details and see for yourself what makes our new line of chairs the
               best for you.

SL3800

SL5800

PL4800

PL6800

Customer Review

VERTAGEAR SIGNATURES

VERTAGEAR SIGNATURES

VERTAGEAR SIGNATURES [...] ""The Vertagear SL5800 is much kinder on your back, thanks to the clever lumbar support that adapts to your shape.""

Read more

""The mostly flat seat and ergonomically shaped backrest on the SL5800 contain various high-tech foam designed to circulate air and support your posture.""

Read more

“The Vertagear SL5800 is one of the most comfortable gaming chairs I’ve had the pleasure of sitting in…”

Read more

More Product Features"
