Unnamed: 0,url,content,usefulness2
0,https://gamerant.com/secretlab-gaming-chairs-good-bad/,"Pros | Cons
Superior materials that won’t break down | Somewhat expensive
Lots of styles and colors to choose from | No mesh options
Scientifically designed for lasting durability | Realistically only one chair shape
Super comfortable | Older chair models challenging to find in stock
Looks professional enough for an office | Napa leather upholstery is known to peel and crack (currently being phased out)
Backed by up to a five-year warranty
Incredible selection of accessories
Pros

Cons [","1
"
0,https://gamerant.com/secretlab-gaming-chairs-good-bad/,"] Are Secretlab chairs good? Reddit posts and Amazon reviews can be pretty harsh on the high cost of the chairs, but these threads also highlight plenty of reasons that Secretlab gaming chairs are a cut above the rest","1
"
0,https://gamerant.com/secretlab-gaming-chairs-good-bad/," Their reduction of options makes them less of a shoo-in for the absolute best gaming chair, but at the same time, the Titan Evo is seriously impressive","1
"
0,https://gamerant.com/secretlab-gaming-chairs-good-bad/,"

Secretlab Gaming Chairs Overall Breakdown [","1
"
0,https://gamerant.com/secretlab-gaming-chairs-good-bad/,] Secretlab,"1
"
0,https://gamerant.com/secretlab-gaming-chairs-good-bad/, Alternative armrests with memory foam can be magnetically swapped out with the default ones,"1
"
0,https://gamerant.com/secretlab-gaming-chairs-good-bad/," Headrests (which also magnetically attach) and lumbar support pillows are made with Secretlab’s special cold-cured foam, ready to add comfort, too","1
"
1,https://www.reddit.com/r/secretlab/comments/14axd1w/my_honest_review_of_secretlab_titan_after_55/,"The armrests on my model were made of a kind of hard plastic rather than a soft cushion, which is just very uncomfortable","1
"
1,https://www.reddit.com/r/secretlab/comments/14axd1w/my_honest_review_of_secretlab_titan_after_55/," I believe they've improved this on the newer models, but in all honesty they never should have shipped any chairs with hard plastic armrests","1
"
1,https://www.reddit.com/r/secretlab/comments/14axd1w/my_honest_review_of_secretlab_titan_after_55/, It's just extremely cheap and uncomfortable,"1
"
1,https://www.reddit.com/r/secretlab/comments/14axd1w/my_honest_review_of_secretlab_titan_after_55/,"
Quality and longevity [","1
"
1,https://www.reddit.com/r/secretlab/comments/14axd1w/my_honest_review_of_secretlab_titan_after_55/,"] r/secretlab
A subreddit for all things Secretlab — we engineer award-winning performance gaming chairs for work and play","1
"
1,https://www.reddit.com/r/secretlab/comments/14axd1w/my_honest_review_of_secretlab_titan_after_55/," Show off your awesome setups, discuss the Secretlab TITAN Evo or Secretlab Classics and Secretlab MAGNUS, or catch up with fellow Secretlab (or soon-to-be!) owners","1
"
1,https://www.reddit.com/r/secretlab/comments/14axd1w/my_honest_review_of_secretlab_titan_after_55/,"] Mine has an inbuilt lumbar support, which I really liked when I bought it","1
"
1,https://www.reddit.com/r/secretlab/comments/14axd1w/my_honest_review_of_secretlab_titan_after_55/," However, in the end just a simple cushion would have been better because you can adjust the location","1
"
1,https://www.reddit.com/r/secretlab/comments/14axd1w/my_honest_review_of_secretlab_titan_after_55/," The inbuilt lumbar support is too low for my back, and you can't adjust the location, so it's kind of useless","1
"
1,https://www.reddit.com/r/secretlab/comments/14axd1w/my_honest_review_of_secretlab_titan_after_55/," It also doesn't protrude as much as I would need it to to fully support my back, so even if the location was correct, it still wouldn't suffice","1
"
2,https://www.gamesradar.com/best-gaming-chair/," Secretlab Titan Evo
The best Secretlab gaming chair
Our expert review:
Specifications
Seat depth (S /R/ XL): 18","1
"
2,https://www.gamesradar.com/best-gaming-chair/,"7-inches
Seat width (S /R/ XL): 17","1
"
2,https://www.gamesradar.com/best-gaming-chair/,"3-inches
Height (S /R/ XL): 50-52","1
"
2,https://www.gamesradar.com/best-gaming-chair/,"9-inches
Max weight: 285 lbs / 285 lbs / 395 lbs
Today's Best Deals
View at Secretlab
View at Amazon
Reasons to buy
+
NanoGen Edition is the most comfortable
+ [","1
"
2,https://www.gamesradar.com/best-gaming-chair/," Herman Miller X Logitech Vantum
The best gaming chair for ergonomics
Our expert review:
Specifications
Seat depth: 15-18-inches
Seat width: 29","1
"
2,https://www.gamesradar.com/best-gaming-chair/,"4-inches
Height: 42-45-inches
Max weight: 300 lbs
Today's Best Deals
View at Herman Miller
View at Herman Miller
Check Amazon
Reasons to buy
+
Great mesh-chair design
+
Very comfortable
+
Posture-improving ergonomics
+
Sizeable warranty
+
Headrest is welcome
Reasons to avoid
-
As pricey as two SecretLab chairs
- [","1
"
2,https://www.gamesradar.com/best-gaming-chair/,] The Corsair TC10 Relaxed is perfect for folks who want comfort as well as all the posture bells and whistles gaming chairs are known for,"1
"
2,https://www.gamesradar.com/best-gaming-chair/," Secretlab Titan Evo
View at Secretlab
View at Amazon
Best SecretLab
Secretlab's 2022 Titan Evo has so much going for it, including stunning build quality, and a myriad of designs, but its new NanoGen Edtion is our favorite","1
"
2,https://www.gamesradar.com/best-gaming-chair/,"
Read more below
Best lumbar support
4","1
"
2,https://www.gamesradar.com/best-gaming-chair/," Razer Iskur V2
View at Amazon
View at Best Buy
View at Razer","1
"
3,https://news.ycombinator.com/item?id=27540941,complain the cushions are 'hard' but that's because they actually support you rather then just compressing to nothing,"1
"
3,https://news.ycombinator.com/item?id=27540941, The one thing I did do was add some slip on cushions to the plain plastic arm rests,"1
"
3,https://news.ycombinator.com/item?id=27540941," |  |  | mech422on June 18, 2021|parent|prev|next[–]We have a couple of secret labs titans here as well","1
"
3,https://news.ycombinator.com/item?id=27540941,"Awesome chairs, and have held up perfectly for 3 years now","1
"
3,https://news.ycombinator.com/item?id=27540941,  People complain the cushions are 'hard' but that's because they actually support you rather then just compressing to nothing,"1
"
3,https://news.ycombinator.com/item?id=27540941,"] is hard and rises up near the front, cutting off circulation to the legs","1
"
3,https://news.ycombinator.com/item?id=27540941,"Posture is all wrong, my back and bottom start hurting after a while and I'm constantly shifting positions to relieve the stress","1
"
3,https://news.ycombinator.com/item?id=27540941,"mech422on June 18, 2021|parent|prev|next[–]We have a couple of secret labs titans here as well","1
"
3,https://news.ycombinator.com/item?id=27540941,"Awesome chairs, and have held up perfectly for 3 years now","1
"
3,https://news.ycombinator.com/item?id=27540941,  People complain the cushions are 'hard' but that's because they actually support you rather then just [,"1
"
3,https://news.ycombinator.com/item?id=27540941,"co/collections/titan-seriesTruthWillHurton June 18, 2021|parent|next[–]I have one and it's a terrible chair","1
"
3,https://news.ycombinator.com/item?id=27540941,"The seat is too high, even at lowest setting","1
"
3,https://news.ycombinator.com/item?id=27540941," I had to raise my desk on blocks so I could cross my legs under it, which is just wrong because tables and chairs have standard heights so this shouldn't happen","1
"
3,https://news.ycombinator.com/item?id=27540941,I'm 175cm and my feet barely reach the floor,"1
"
3,https://news.ycombinator.com/item?id=27540941, had to add a foot-stool,"1
"
3,https://news.ycombinator.com/item?id=27540941,"The arm rests are too far apart, I need to spread my arms wide to use them","1
"
3,https://news.ycombinator.com/item?id=27540941,The seat cushion,"1
"
4,https://www.reddit.com/r/ShouldIbuythisgame/comments/14nkgq5/gaming_chairsyay_or_nay/?tl=pt-pt,"I had a leather gaming chair and while it was comfortable and all the adjustable features were nice, but when the time came to get a new chair I","1
"
