,Unnamed: 0,url,content,usefulness2,sentiment
0,0,https://www.dxracer.com/pages/patents?srsltid=AfmBOoqZZqsYL8JzZMcYlmxyncL850dWl3hC7Z3AhZKcJIFgTW54R2cV,"] The Inventor of the Gaming Chair

Tax Refund Sales  >>



MARTIAN

Electric Precision for Ultimate Comfort

FORMULA

The World's First Gaming Chair

DRIFTING

Racing Style Gaming Chair

BLADE

Ultimate Comfort Upgrade

CRAFT

Craft A New Era of Comfort

MASTER

Luxury Executive Office Chair

TANK

For Big and Tall Gamers

Shop

Collaboration Gaming Chairs

Shop Chairs

Shop Accessories

Shopping Guide

Series Comparison

TIDAL

Smart Electric Gaming Desk

Shop Desks

Shop Accessories

MARTIAN [",1,positive
1,1,https://patents.google.com/patent/WO2005074753A1/en,A video game chair for enhancing the enjoyment of a video game includes a chair member formed of a horizontal seat portion with a backrest portion,1,neutral
2,2,https://patents.justia.com/patent/20230397735,Another embodiment of the invention is directed to a smart gaming chair that includes a gaming chair and a gaming chair control panel,1,positive
3,2,https://patents.justia.com/patent/20230397735, The gaming chair can include a light and a speaker,1,neutral
4,2,https://patents.justia.com/patent/20230397735,] The gaming chairs are frequently connected to the gaming system,1,neutral
5,2,https://patents.justia.com/patent/20230397735, Such connection enables sounds associated with the video game being played to be emitted from speakers on the gaming chair,1,neutral
6,2,https://patents.justia.com/patent/20230397735," To further enhance the person's experience while playing video games when sitting on the gaming chair, the gaming chairs may emit vibrations and/or illuminate lights at certain times while the video game is being played",1,neutral
7,3,https://portal.unifiedpatents.com/patents/patent/US-7125074-B2,A video game chair for enhancing the enjoyment of a video game includes a chair member formed of a horizontal seat portion with a backrest portion,1,positive
8,4,https://patents.google.com/patent/US20080111408A1/en,A video game chair comprises a chair; a vibrating mechanism coupled to the chair; and an interface capable of receiving an audio signal from a portable game,1,neutral
9,7,https://www.talentedladiesclub.com/articles/what-could-have-been-five-video-game-patents-that-never-made-it-to-the-mass-market/,"The chair included straps which would be attached to each limb and the torso, the idea being to provide resistance against these muscles whilst the consumer was gaming to offer them a strenuous workout to help tackle the growing weight problem in gamers",1,positive
10,7,https://www.talentedladiesclub.com/articles/what-could-have-been-five-video-game-patents-that-never-made-it-to-the-mass-market/,"

2) Exercise and Video Game Chair by Benjamin Karl Broderick – 2009 (US20110086747A1) [",1,neutral
11,7,https://www.talentedladiesclub.com/articles/what-could-have-been-five-video-game-patents-that-never-made-it-to-the-mass-market/,] This was a worrying statistic as the average gamer was found to have a BMI of 28,1,negative
12,7,https://www.talentedladiesclub.com/articles/what-could-have-been-five-video-game-patents-that-never-made-it-to-the-mass-market/, Benjamin Karl Broderick obviously knew that this was a growing and on-going issue and patented his idea for an all-in-one Exercise and Video Game Chair,1,positive
13,8,https://patents.justia.com/patents-by-us-classification/297/195.11,"Smart gaming chair

Chair, seat portion, and backrest

Posture control chair

Ergonomic support device for users in medical environment

Surgeon support system

Chair

Stools, chairs, and methods using the same

Activating platform

Stools, chairs, and methods using the same

PIECE OF SEATING FURNITURE HAVING A SADDLE-FORM SEAT SURFACE

Seating device

Adjustable Seat And Support System

Support apparatus

TATTOO CHAIR

Adjustable Seat And Support System

BICYCLE SEAT CONVERTER

Tattoo chair [",1,positive
14,8,https://patents.justia.com/patents-by-us-classification/297/195.11,"] Chair or stool comprising mobile, elastic legs, permitting a dynamic sitting position

Lightweight three-link cycle seat clamp

PERSONAL SUPPORT DEVICE

Seat for vehicle and seat for watercraft

Adjustable seat assembly

Ask a LawyerGet Free Answers

Have a legal question? Get free answers from experienced lawyers!

Find a Lawyer [",1,neutral
15,8,https://patents.justia.com/patents-by-us-classification/297/195.11,"] Operating support for surgeons

Ergonomic saddle structure

BIKE SADDLE STRUCTURE IN WHICH THE OSCILLATION ANGLE AND HEIGHT OF A BIKE SADDLE ARE ADJUSTABLE, AND EXERCISE BICYCLE COMPRISING SAME

Inverted pendulum type vehicle

Seat mechanisms

Ergonomic saddle chair

Seat for amusement apparatus

Ergonomic supporting/sitting device

Apparatus For Support During Tattooing

OPERATING SUPPORT FOR SURGEONS

Contoured loveseat

Seat mechanisms

Operating support for surgeons

TATTOO CHAIR",1,positive
16,15,https://secretlab.co/pages/ergonomics,The Secretlab TITAN Evo chair tested yielded a clear ergonomic benefit in terms of gameplay performance and subjective gaming experience compared to the Herman Miller Aeron chair,1,positive
17,15,https://secretlab.co/pages/ergonomics, The Secretlab TITAN Evo chair tested yielded a clear ergonomic benefit in terms of gameplay performance and subjective gaming experience compared to the Herman Miller Aeron chair,1,positive
18,15,https://secretlab.co/pages/ergonomics," A highly adjustable ergonomic chair such as the Secretlab TITAN Evo accommodates subconscious postural shifts and lets you adopt a dynamic sitting posture, so that you aren't straining any tissues with accumulated stress",1,positive
19,15,https://secretlab.co/pages/ergonomics,"” The idea of modern ergonomics is at the heart of Secretlab’s design — one chair that supports different postures for multiple usage scenarios, so you can always adopt the most appropriate one",1,positive
20,18,https://xlscout.ai/uncovering-patentability-ai-based-patent-search-using-xlscout/,"] Even if your invention is “technically” novel (such as a chair with wheels), it may still be denied due to “obviousness",1,negative
21,18,https://xlscout.ai/uncovering-patentability-ai-based-patent-search-using-xlscout/,"”

Assume you invented a chair with wheels to make it easier to move around the office",1,positive
22,18,https://xlscout.ai/uncovering-patentability-ai-based-patent-search-using-xlscout/," So, adding wheels to the chair seems obvious",1,positive
23,19,https://spacenews.com/patenting-space-promoting-innovations-and-patents-for-exploring-our-final-frontier/,] manufacture thanks to design and assembly improvements,1,positive
24,20,https://www.patenttrademarkblog.com/fashion-clothing-design-patent/," For example, if a pattern for a chair is claimed, such a design",1,neutral
25,21,https://www.reddit.com/r/changemyview/comments/1hpy6xw/cmv_patents_are_a_net_negative_to_society_as_they/," chair, handbag, necklace design, etc",1,neutral
26,38,https://www.bdc.ca/en/articles-tools/business-strategy-planning/innovate/intellectual-property-how-patent-product,1,1,"please provide the text you would like me to analyze. i need the text to determine its sentiment. 
"
27,42,https://mn.gov/deed/business/starting-business/protect/patent-protection.jsp, look at patents and patent applications,1,neutral
28,45,https://ised-isde.canada.ca/site/canadian-intellectual-property-office/en/patents,"

Patent databases

        Search patent databases and download patent office records",1,neutral
29,59,https://www.heritage.org/economic-and-property-rights/report/the-patent-system-americas-innovation-engine,S,1,neutral
30,71,https://pci.upenn.edu/inventors/how-it-works-commercializing-innovation/policies/,1,1,"please provide the text you want me to analyze. i need the text to determine its sentiment.
"
31,81,https://www.card.iastate.edu/files/inline-files/Clancy-Moschini-AEPP-2013.pdf,S,1,neutral
