Unnamed: 0,url,content,usefulness2,sentiment
0,https://www.tomsguide.com/best-picks/best-office-chairs," Razer Fujin Pro
The best gaming chair for your home office
Our expert review:
Specifications
Colors: Black
Material: Mesh backrest and seat pan, aluminum alloy frame
Seat width: 20",1,"Neutral
"
0,https://www.tomsguide.com/best-picks/best-office-chairs,"9 inches
Weight Limit: 300 Pounds
Today's Best Deals
View at Razer
Check Amazon
Reasons to buy
+
Easy assembly
+
Great lumbar support
+
Fantastic build quality
+
Comfortable padding on the armrests
Reasons to avoid
-
Questionable warranty [",1,"The sentiment is **positive**. The text highlights several positive features and benefits of the product.
"
0,https://www.tomsguide.com/best-picks/best-office-chairs,"] In our testing, we found the Razer Fujin Pro to be very easy to assemble and to adjust",1,"Positive
"
0,https://www.tomsguide.com/best-picks/best-office-chairs, The adjustable lumbar support dwarfs those you'd find on other gaming chairs and the padding on its armrests is extremely comfortable too,1,"Positive
"
0,https://www.tomsguide.com/best-picks/best-office-chairs, The seat pan can be moved forward or backward as well for taller people,1,"Neutral
"
0,https://www.tomsguide.com/best-picks/best-office-chairs,"
The Razer Fujin Pro does double duty as a gaming and office chair and unlike other gaming chairs, you won't be embarrassed to be seen sitting in this one during video calls or even at the office",1,"Positive
"
0,https://www.tomsguide.com/best-picks/best-office-chairs,] The Autonomous ErgoChair Mesh is an ergonomic chair with a mesh backrest and seat that builds on the design of the company's ErgoChair Pro,1,"Neutral.
"
0,https://www.tomsguide.com/best-picks/best-office-chairs," Even though this is an all-mesh chair, it has a very sturdy frame and weighs close to 50 pounds",1,"Neutral.
"
0,https://www.tomsguide.com/best-picks/best-office-chairs, The Autonomous ErgoChair Mesh is available in black or grey and comes with an exceptionally wide headrest,1,"Neutral
"
0,https://www.tomsguide.com/best-picks/best-office-chairs,"  
Read more below
Best for gaming
9",1,"The sentiment is likely **positive**.
"
0,https://www.tomsguide.com/best-picks/best-office-chairs," Razer Fujin Pro
View at Razer
Check Amazon
Value: ★★★☆☆
Comfort: ★★★★★
Customization: ★☆☆☆☆",1,"The sentiment is **neutral**. While the review gives a mixed bag of scores, including both positive (comfort) and negative (customization), the overall presentation is objective and doesn't lean heavily towards a strong positive or negative feeling. The value score being neutral further cements this.
"
1,https://www.ign.com/articles/the-best-gaming-chairs," Razer Fujin Pro
Best Mesh Gaming Chair
9
Razer Fujin Pro
4
Understated gaming chair with breathable mesh, built-in lumbar support, and 4D armrests",1,"Neutral.
"
1,https://www.ign.com/articles/the-best-gaming-chairs,"
See it at Razer
Product Specifications
Tilt:
130°
Ergonomics
4D armrests, 2D lumbar support, adjustable seat depth, tilt tension and lock
Max Load
300 lbs
PROS
Easy to assemble
Excellent lumbar support system
Highly adjustable to match your body
CONS
Can’t fully recline [",1,"Based on the provided text, the sentiment is **neutral**. While the text lists both pros and cons, the overall tone is objective and descriptive, presenting factual information about the product's features and limitations rather than expressing a strong positive or negative opinion.
"
1,https://www.ign.com/articles/the-best-gaming-chairs,] 1,1,"Neutral
"
1,https://www.ign.com/articles/the-best-gaming-chairs," Secretlab Titan Evo Nanogen
10
Our Top Pick
Secretlab Titan Evo Nanogen
13
With a brand new, ultra comfy leatherette and softer seat cushion, the new Titan Evo Nanogen is the gaming chair to buy",1,"Positive
"
1,https://www.ign.com/articles/the-best-gaming-chairs,"
See it at Secretlab
Product Specifications
Seat Height
17",1,"Neutral
"
1,https://www.ign.com/articles/the-best-gaming-chairs,"5""
Seat Width
18",1,"Neutral. The text provides factual information (dimensions) and doesn't express any emotion or opinion.
"
1,https://www.ign.com/articles/the-best-gaming-chairs,"5""
Seat Depth
19",1,"Neutral
"
1,https://www.ign.com/articles/the-best-gaming-chairs,"3""
Backrest Length
33",1,"Neutral. The text provides factual information about dimensions.
"
1,https://www.ign.com/articles/the-best-gaming-chairs,"5""
Backrest Width
21""
Tilt
85-165°
Ergonomics
4D adjustable armrests, lumbar support, magnetic head pillow, memory foam with cooling gel
Max Load
285 lbs
PROS [",1,"Neutral. The text provides factual information about a product (likely a chair) without expressing any opinions or emotions. It lists specifications.
"
1,https://www.ign.com/articles/the-best-gaming-chairs,"] Very stylish and unique
Cheaper and more expensive versions available
Extra height armrests
CONS
Non-adjustable lumbar
Cheaper version lacks neck pillow
The Razer Enki cheats a little bit in this category",1,"The sentiment is mixed, but leans **negative**. Here's why:

*   **Positive:** ""Very stylish and unique""
*   **Neutral:** ""Cheaper and more expensive versions available"" (This is just a statement of fact)
*   **Positive:** ""Extra height armrests""
*   **Negative (Implied):** ""CONS"" (This indicates a list of negative aspects)
*   **Negative:** ""Non-adjustable lumbar""
*   **Negative:** ""Cheaper version lacks neck pillow""
*   **Negative:** ""The Razer Enki cheats a little bit in this category"" (This implies a negative evaluation or performance)

The ""CONS"" section, and the specific negative points outweigh the positives.
"
1,https://www.ign.com/articles/the-best-gaming-chairs," It’s part fabric, part EPU leather, but the portion that actually touches your body is a soft, breathable suede, so we think it counts",1,"Neutral
"
1,https://www.ign.com/articles/the-best-gaming-chairs, The mix of materials lends this gaming seat a unique look that’s equal parts premium and eminently cool,1,"Positive
"
2,https://www.gamesradar.com/best-gaming-chair/," Herman Miller X Logitech Vantum
The best gaming chair for ergonomics
Our expert review:
Specifications
Seat depth: 15-18-inches
Seat width: 29",1,"Positive
"
2,https://www.gamesradar.com/best-gaming-chair/,"4-inches
Height: 42-45-inches
Max weight: 300 lbs
Today's Best Deals
View at Herman Miller
View at Herman Miller
Check Amazon
Reasons to buy
+
Great mesh-chair design
+
Very comfortable
+
Posture-improving ergonomics
+
Sizeable warranty
+
Headrest is welcome
Reasons to avoid
-
As pricey as two SecretLab chairs
- [",1,"The sentiment of the text is **positive**.

Here's why:

*   **Positive Indicators:** The ""Reasons to buy"" section lists several positive attributes: ""Great mesh-chair design,"" ""Very comfortable,"" ""Posture-improving ergonomics,"" ""Sizeable warranty,"" and ""Headrest is welcome."" These are all strong selling points.
*   **Negative Indicators:** The ""Reasons to avoid"" section does have a negative point (""As pricey as two SecretLab chairs""). However, this is a single point, and it's counterbalanced by the many positive points and the overall presentation of the product. The inclusion of ""Today's Best Deals"" further suggests a positive context."
2,https://www.gamesradar.com/best-gaming-chair/," Herman Miller x Logitech Embody
The best premium gaming chair
Our expert review:
Specifications
Seat depth: 15-18-inches
Seat width: 29",1,"Based on the provided text, the sentiment is **positive**.

Here's why:

*   ""The best premium gaming chair"" - This is a clear statement of high praise and positive evaluation.
"
2,https://www.gamesradar.com/best-gaming-chair/,"4-inches
Height: 42-45-inches
Max weight: 300 lbs
Today's Best Deals
View at Herman Miller
Reasons to buy
+
Incredibly comfortable ergonomic design
+
12-year warranty
+
Robust design and build
Reasons to avoid
-
Slightly limited armrest movements
-
Dearer than most gaming chairs [",1,"The sentiment of the provided text is **mixed** or **neutral**. Here's why:

*   **Positive elements:** The ""Reasons to buy"" section contains positive points like ""Incredibly comfortable ergonomic design,"" ""12-year warranty,"" and ""Robust design and build.""
*   **Negative elements:** The ""Reasons to avoid"" section contains negative points like ""Slightly limited armrest movements"" and ""Dearer than most gaming chairs.""

While there are more specific points for buying than for avoiding, the overall sentiment is balanced, leaning towards neutral or mixed due to the presence of both positive and negative aspects.
"
2,https://www.gamesradar.com/best-gaming-chair/,"] (Image credit: Future / Duncan Robertson)
1",1,"The sentiment is **neutral**. The text only indicates an image credit.
"
2,https://www.gamesradar.com/best-gaming-chair/," Fractal Refine
The best gaming chair overall
Our expert review:
Specifications
Seat depth: 16-18 inches (Fabric), 17-19 inches (Mesh)
Seat width: 17-inches
Height: 18 - 23-inches
Max weight: 275 lbs
Today's Best Deals
View at Amazon
View at Amazon
View at Amazon
Reasons to buy
+
Good range of cosmetic, mesh, and fabric options
+
Excellent armrests
+
Nice mix of comfort and ergonomics
+
Stunning looks
+
Ability to slide into a deeper sitting position",1,"Positive
"
3,https://www.gamingchairsxp.com/,"They are known for comfort, durability, and gamer-adapted ergonomic features",1,"Positive
"
3,https://www.gamingchairsxp.com/, The Iskur line is known for its innovative lumbar support and top quality build,1,"Positive
"
4,https://www.pcgamer.com/best-gaming-chairs/,"(Image credit: Secretlab)
1",1,"Neutral. The text only provides image credit, which is factual information. It doesn't express any positive or negative opinions.
"
4,https://www.pcgamer.com/best-gaming-chairs/," Secretlab Titan Evo
The best gaming chair
Our expert review:
Average Amazon review:
☆☆☆☆☆
Specifications
Seat type: Racing back, levelled seat base
Recline: 165 degrees
Weight capacity: Up to 180 kg (397 lbs, XL size only)
Weight: 37",1,"Positive
"
4,https://www.pcgamer.com/best-gaming-chairs/,"5 kg (83 lbs)
Warranty: 3 years
Today's Best Deals
View at Secretlab
View at Amazon
Reasons to buy
+
Magnetic cushion and covers
+
Very comfortable
+
Everything we want in a gaming chair feature-wise
Reasons to avoid
- [",1,"The sentiment is **positive**. While the text includes both pros and cons, the positive aspects (Reasons to buy) are explicitly listed and more numerous than the single negative aspect indicated by ""- ["".
"
4,https://www.pcgamer.com/best-gaming-chairs/," NeueChair
The best office chair for gaming
Our expert review:
Average Amazon review:
☆☆☆☆☆
Specifications
Seat type: Task chair
Recline: 85–130 degrees
Weight capacity: 108 kg (240 lbs)
Weight: 29 kg (64 lbs)
Warranty: 12 years
Today's Best Deals
Check Amazon
Visit Site
Reasons to buy
+
Ridiculously sturdy and well-made
+
Comfortable and supportive
+
Highly adjustable
+
12-year warranty
+
Excellent controls
Reasons to avoid
-
Headrest is extra
- [",1,"Positive
"
4,https://www.pcgamer.com/best-gaming-chairs/," ThunderX3 Core
The best gaming chair for back support
Our expert review:
Specifications
Seat type: Racing seat
Recline: 90–135 degrees
Weight capacity: 150 kg (331 lbs)
Weight: 30",1,"Based on the provided text, the sentiment is **positive**. Here's why:

*   **""The best gaming chair for back support""**: This phrase is a clear endorsement and expresses a positive opinion.
"
4,https://www.pcgamer.com/best-gaming-chairs/,"2 lbs)
Warranty: 3 years
Today's Best Deals
Check Amazon
Visit Site
Reasons to buy
+
Awesome ergonomic mechanisms
+
Speedy assembly
+
Priced just right
Reasons to avoid
-
The mechanism makes a clunky noise
-
Distant armrests when reclining
Buy if",1,"The sentiment of the text is mixed, but overall leans **positive**.

Here's why:

*   **Positive aspects:** The text highlights ""Awesome ergonomic mechanisms,"" ""Speedy assembly,"" and being ""Priced just right"".
*   **Negative aspects:** The text mentions ""clunky noise"" and ""distant armrests"" which are negative, but presented as less important.
*   **Overall Balance:** The presence of more positives, and the ""Buy if"" section, which would likely have a positive final statement if the item is good, leads to a positive overall impression, but the negative aspects prevent classifying it as strongly positive."
5,https://www.techradar.com/best/best-office-chairs," Razer Enki
Work, rest, and play
Our expert review:
Average Amazon review:
☆☆☆☆☆
Specifications
Lumbar support: Fixed
Seat depth: 20",1,"Neutral
"
5,https://www.techradar.com/best/best-office-chairs,"6in
Seat height: 17",1,"Neutral. The text provides factual information about dimensions (seat height), without expressing any opinions or emotions.
"
5,https://www.techradar.com/best/best-office-chairs,"4in
Weight load: 300lbs
Warranty: 3 years
Today's Best Deals
View at Razer
View at Amazon
View at Best Buy
Reasons to buy
+
Terrific fixed lumbar support
+
Seat is very comfortable and spill-resistant
+
Built to last
Reasons to avoid
-
A little bit pricey
-
Head pillow and Lumbar support not adjustable [",1,"The sentiment of the text is **positive**.

Here's why:

*   **Overall Tone:** While there are both pros and cons listed, the reasons to buy are more extensive and emphasize positive features like comfort, durability, and support.
*   **Positive Indicators:** The presence of ""+"" signs before the advantages clearly highlights positive aspects.
*   **Negative Indicators:** The disadvantages are relatively minor (""a little bit pricey"") and not overwhelming.
"
5,https://www.techradar.com/best/best-office-chairs,"] Quick list
Best overall: Branch Verve
Best on a budget: Corsair TC100 Relaxed
Best for ergonomics: Herman Miller Embody
Best for budget ergonomics: Flexispot C7
Best for long hours: Sihoo Doro C300
Best task chair: Steelcase Series 2
Best for gamers: Razer Enki
Best for big & tall: Herman Miller Aeron
Best for small spaces: Herman Miller Sayl
Also tested
Accessories
FAQs
How to choose
How we test [",1,"Neutral. The text is a list of product recommendations, which is objective in nature and doesn't express positive or negative emotions.
"
5,https://www.techradar.com/best/best-office-chairs,"] Razer Enki: Our ratingsRow 0 - Cell 0Row 0 - Cell 1Row 0 - Cell 2PriceGood value for money at a reasonable, but not budget price★★★★☆DesignBeautifully designed, but we would've liked to see a mesh variant for breathability★★★★☆PerformanceEasily one of the most comfortable gaming chairs we've ever reviewed★★★★★FeaturesFeatures are light here, with only fixed lumbar support★★★★☆
Razer Enki: price comparison
36 Amazon customer reviews
☆☆☆☆☆",1,"Based on the provided text, the sentiment leans **positive**. Here's why:

*   **Positive Reviews:** The majority of the review scores (★★★★☆ and ★★★★★) are overwhelmingly positive, particularly highlighting comfort and design.
*   **Good Value for Money:** The review explicitly states ""Good value for money.""
*   **Positive Descriptors:** Words like ""Beautifully designed"" and ""Easily one of the most comfortable gaming chairs we've ever reviewed"" are inherently positive.
*   **Overall Impression:** While the features were ""light,"" the emphasis is still on the positives, and the criticisms are minor.
*   **Amazon Reviews are Negative:** The Amazon reviews (☆☆☆☆☆) have been noted, but this may affect the overall sentiment of the product.

**Therefore, while there may be aspects that could be improved, the overall impression from the provided reviews is highly favorable, making the sentiment predominantly positive.**
"
6,https://blog.thegamersmall.com/top-10-gaming-chairs-2025-ultimate-comfort/,"While it requires some assembly and has a weight limit that may not suit everyone, its premium features and ergonomic design make it a standout option for those seeking a high-quality gaming chair",1,"The sentiment is **positive**.

While there are some minor drawbacks (assembly required, weight limit), the text emphasizes the positive aspects like premium features, ergonomic design, and being a standout option. The overall tone is favorable.
"
6,https://blog.thegamersmall.com/top-10-gaming-chairs-2025-ultimate-comfort/," Ergonomics: Most gaming chairs are designed keeping ergonomics in mind, which means they come with adjustable lumbar support and neck support to make sure you are comfortable throughout a long gaming session",1,"The sentiment is **positive**. The text highlights the benefits of gaming chairs, focusing on comfort and support, which are desirable qualities.
"
6,https://blog.thegamersmall.com/top-10-gaming-chairs-2025-ultimate-comfort/," When choosing a gaming chair, consider factors such as ergonomic support, adjustability (armrests, height, recline), material (leather, mesh, fabric), durability, lumbar support, weight capacity, and style",1,"Neutral
"
6,https://blog.thegamersmall.com/top-10-gaming-chairs-2025-ultimate-comfort/," Gaming chairs often provide better ergonomic support tailored for long gaming sessions, with features like higher recline angles, lumbar support pillows, and padded armrests",1,"The sentiment of the text is **positive**. The description highlights the beneficial features of gaming chairs, such as ergonomic support, higher recline angles, lumbar support, and padded armrests, which are all desirable qualities.
"
7,https://www.youtube.com/watch?v=4TQFRs6_27M,GTRacing - https://amzn,1,"Neutral. The text provides a brand name and a link, lacking any subjective content that would indicate a positive or negative sentiment.
"
7,https://www.youtube.com/watch?v=4TQFRs6_27M,"to/3WEhTGZ (Amazon)
Secret Lab Titan - https://amzn",1,"Neutral.
"
7,https://www.youtube.com/watch?v=4TQFRs6_27M,"to/3iDhHYy (Amazon)
Razer Iskur - https://amzn",1,"Neutral. The text provides a link to a product and a product name. It doesn't express any positive or negative feelings.
"
7,https://www.youtube.com/watch?v=4TQFRs6_27M,"to/3GOS7rQ (Amazon) 
Ticova Ergonomic - https://amzn",1,"The sentiment is likely **neutral**. 

Here's why:

*   The text consists primarily of a URL and a product name (""Ticova Ergonomic"").
*   There are no emotionally charged words or phrases.
*   The text simply provides information (a link to a product).
"
7,https://www.youtube.com/watch?v=4TQFRs6_27M,"com/eur-me7erg-gen2 (BTOD)
Herman Miller Embody - https://bit",1,"The sentiment is **neutral**. The text contains a link and the name of a product (Herman Miller Embody), but doesn't express any opinion or emotion.
"
7,https://www.youtube.com/watch?v=4TQFRs6_27M,"io/BXZxLJ (Haworth)
Haworth Fern - https://haworth",1,"Based on the provided text, the sentiment is **neutral**. It simply provides a link and the name ""Haworth Fern,"" which doesn't convey any inherent positive or negative emotions.
"
7,https://www.youtube.com/watch?v=4TQFRs6_27M,] Colamy Atlas - https://amzn,1,"Neutral
"
7,https://www.youtube.com/watch?v=4TQFRs6_27M,"to/3sbViqc (Amazon)
BTOD Ameap - https://bit",1,"The sentiment is likely **neutral**. The text provides a link and some vague context, but it doesn't express any opinion or emotion.
"
7,https://www.youtube.com/watch?v=4TQFRs6_27M,"ly/302lAbT (BTOD Refurb)
BTOD Akir - http://bit",1,"Neutral
"
7,https://www.youtube.com/watch?v=4TQFRs6_27M,"ly/2Uyme1o (BTOD)
BTOD Lamia - https://www",1,"The provided text snippet ""ly/2Uyme1o (BTOD) BTOD Lamia - https://www"" doesn't contain enough information to accurately determine sentiment. It appears to be a link and a title, but lacks descriptive words or a clear topic. Therefore, the sentiment is likely **neutral**.
"
7,https://www.youtube.com/watch?v=4TQFRs6_27M,"com/steelcase-lamia-btod (BTOD)
Steelcase Leap - https://bit",1,"Neutral.
"
8,https://esportshealthcare.com/dxracer-review/,"The arm rest padding—or rather, the lack of arm rest padding—is my only real complaint with DXRacer chairs",1,"The sentiment is **negative**. The text expresses a complaint about the lack of padding.
"
8,https://esportshealthcare.com/dxracer-review/, The arm rest surface is unforgiving and uncomfortable,1,"Negative
"
8,https://esportshealthcare.com/dxracer-review/, There are times where my elbows are actually sore because the surface is so firm,1,"Negative
"
8,https://esportshealthcare.com/dxracer-review/,"] Overall, the DXRacer gaming chairs are amazing",1,"Positive
"
8,https://esportshealthcare.com/dxracer-review/," DXRacer is one of the best ergonomic solutions for gamers and streamers, and I am very pleased with the overall quality of their chairs",1,"Positive
"
8,https://esportshealthcare.com/dxracer-review/," And, when this happens, I will definitely browse through what’s new at DXRacer",1,"Neutral. The text expresses a future intention (""will browse"") but doesn't convey a strong positive or negative feeling.
"
8,https://esportshealthcare.com/dxracer-review/,"

Esports Healthcare approves and recommends DXRacer for postural and ergonomic support",1,"Positive
"
8,https://esportshealthcare.com/dxracer-review/,] The materials used are not cheap or flimsy,1,"Neutral. The text describes the quality of the materials but doesn't express a clear positive or negative emotion. It's simply stating a fact.
"
8,https://esportshealthcare.com/dxracer-review/, DXRacer appears to have chosen high quality fabrics and other materials to ensure durability of their chairs which is exactly what you want in any product from any company,1,"Positive
"
8,https://esportshealthcare.com/dxracer-review/,"

Gaming support: posture and ergonomics

Seat cushion

The cushion of DXRacer seats are firm, yet comfortable",1,"Positive
"
8,https://esportshealthcare.com/dxracer-review/," A firm cushion means your body will not sink into the seat, and this helps prevent slouching or other imbalances in posture",1,"The sentiment is **positive**. The text describes a beneficial characteristic (firm cushion) and its positive effect on posture.
"
9,https://gamerant.com/secretlab-gaming-chairs-good-bad/,Secretlab is a dominant force in the world of comfortable gaming chairs,1,"The sentiment of the text is **positive**.
"
9,https://gamerant.com/secretlab-gaming-chairs-good-bad/," Backed by thousands of hours of research and design that utilizes some of the best materials available, it's the preferred chair brand of many gamers",1,"Positive
"
9,https://gamerant.com/secretlab-gaming-chairs-good-bad/," Although their classic Omega and Titan chairs put them on the map as the most premium gaming chair option, most buyers focus on the 2022 version of the Titan Evo",1,"Neutral
"
9,https://gamerant.com/secretlab-gaming-chairs-good-bad/, Secretlab also excels at providing top-quality accessories like lumbar support pillows and special edition chair [,1,"Positive
"
9,https://gamerant.com/secretlab-gaming-chairs-good-bad/,"] Herman Miller is known for its ergonomic excellence, while Secretlab dominates the gaming chair industry",1,"Neutral.

The text presents factual statements about two different companies and their respective strengths without expressing any particular opinion or emotion.
"
9,https://gamerant.com/secretlab-gaming-chairs-good-bad/,"] Pros | Cons
Superior materials that won’t break down | Somewhat expensive
Lots of styles and colors to choose from | No mesh options
Scientifically designed for lasting durability | Realistically only one chair shape
Super comfortable | Older chair models challenging to find in stock
Looks professional enough for an office | Napa leather upholstery is known to peel and crack (currently being phased out)
Backed by up to a five-year warranty
Incredible selection of accessories
Pros

Cons",1,"Based on the provided text, the sentiment is **mixed**. Here's why:

*   **Positive aspects**: The ""Pros"" list highlights desirable features like superior materials, many styles, durability, comfort, professional appearance, a good warranty, and a wide selection of accessories. These clearly contribute to a positive sentiment.

*   **Negative aspects**: The ""Cons"" list, however, reveals potential drawbacks: the product is expensive, lacks mesh options, only has one chair shape, older models are hard to find, and the Napa leather upholstery is prone to issues. These points generate a negative sentiment.

The overall sentiment is likely to be influenced by the weight the reader places on each category. Some might focus on the pros and deem the product worth it, while others might find the cons too significant.
"
10,https://marksangryreview.com/ergonomic-gaming-chairs/,"The chair's ergonomic shape makes it comfortable on your back, I like that the support and wheels are constructed of PU material, PU mute",1,"Positive.
"
11,https://www.dxracer.com/pages/reviews-343?srsltid=AfmBOop73EXSGfTFRkbOhl0jnYb9H7Xt3yC0xH7vad1K-WI5NAXMAlfn,The Rabbit in Dino gaming chair includes fully adjustable arms that can move forward and backward,1,"Neutral.
"
11,https://www.dxracer.com/pages/reviews-343?srsltid=AfmBOop73EXSGfTFRkbOhl0jnYb9H7Xt3yC0xH7vad1K-WI5NAXMAlfn, Great recliner chair with creative module parts and comfortable ergonomics headrest,1,"Positive
"
11,https://www.dxracer.com/pages/reviews-343?srsltid=AfmBOop73EXSGfTFRkbOhl0jnYb9H7Xt3yC0xH7vad1K-WI5NAXMAlfn," Best gaming I've had so far!!!

Non-Selling

I didn't realize how much I like sitting on the chair, and how that would perfectly support my back when sitting on good office chairs",1,"Here's the sentiment analysis:

*   **Text 1 (""Best gaming I've had so far!!!"")**: **Positive** - The exclamation points and words like ""Best"" clearly indicate a positive sentiment.
*   **Text 2 (""Non-Selling"")**: **Neutral** - This is a title or label, not a statement expressing emotion.
*   **Text 3 (""I didn't realize how much I like sitting on the chair, and how that would perfectly support my back when sitting on good office chairs"")**: **Positive** - This sentence expresses satisfaction, and appreciation for the support of the chair"
11,https://www.dxracer.com/pages/reviews-343?srsltid=AfmBOop73EXSGfTFRkbOhl0jnYb9H7Xt3yC0xH7vad1K-WI5NAXMAlfn,"] The Inventor of the Gaming Chair

Tax Refund Sales  >>



MARTIAN

Electric Precision for Ultimate Comfort

FORMULA

The World's First Gaming Chair

DRIFTING

Racing Style Gaming Chair

BLADE

Ultimate Comfort Upgrade

CRAFT

Craft A New Era of Comfort

MASTER

Luxury Executive Office Chair

TANK

For Big and Tall Gamers

Shop

Collaboration Gaming Chairs

Shop Chairs

Shop Accessories

Shopping Guide

Series Comparison

TIDAL

Smart Electric Gaming Desk

Shop Desks

Shop Accessories

MARTIAN [",1,"Neutral. The text is a list of product names and categories. There's no emotional content or opinion expressed.
"
11,https://www.dxracer.com/pages/reviews-343?srsltid=AfmBOop73EXSGfTFRkbOhl0jnYb9H7Xt3yC0xH7vad1K-WI5NAXMAlfn,"] FORMULA

DRIFTING

BLADE

CRAFT

MASTER

TANK

Shop

Shop Chairs

Shop Accessories

Shopping Guide

Series Comparison

TIDAL

Shop Desks

Shop Accessories

Sign In|
		    			Sign Up|





The Best Gaming Furniture in the World

What makes DXRACER gaming chairs great?  Find out with over 10,000 5-star ratings and reviews from the esteemed press and real users",1,"Positive.
"
11,https://www.dxracer.com/pages/reviews-343?srsltid=AfmBOop73EXSGfTFRkbOhl0jnYb9H7Xt3yC0xH7vad1K-WI5NAXMAlfn,"

Customer Reviews

4",1,"Neutral.
"
11,https://www.dxracer.com/pages/reviews-343?srsltid=AfmBOop73EXSGfTFRkbOhl0jnYb9H7Xt3yC0xH7vad1K-WI5NAXMAlfn,"9

Non-Selling

Comfortable and good quality for this price",1,"Neutral
"
12,https://www.reddit.com/r/truegaming/comments/6mcte3/gaming_chairs_are_they_actually_comfortable_or_is/,Herman Miller gets raved about because its ergonomic and good for your back/lumbar support/back pain,1,"Positive
"
13,https://gamerant.com/best-luxury-gaming-chairs/,"Herman Miller X Logitech G Embody Gaming Chair

The Herman Miller X Logitech G Embody Gaming Chair is a premium take by the luxury furniture giant",1,"Positive
"
13,https://gamerant.com/best-luxury-gaming-chairs/," It professes to be one's daily source of comfort for work and gaming, backed by an impressive 12-year, 24-hour usage warranty",1,"Positive
"
13,https://gamerant.com/best-luxury-gaming-chairs/,] The best gaming chair allows you to focus on your game for hours without pain,1,"Positive
"
13,https://gamerant.com/best-luxury-gaming-chairs/,"

Game Rant's Top Picks for the Best Luxury Gaming Chairs in 2024

Secretlab Titan Evo [",1,"Neutral
"
13,https://gamerant.com/best-luxury-gaming-chairs/,] The Secretlab Titan Evo offers an entirely new level of individualized support and unsurpassed performance,1,"Positive
"
13,https://gamerant.com/best-luxury-gaming-chairs/, Secretlab uses cutting-edge engineering methods for complex designs and better-than-ever materials that are handcrafted and superior in quality,1,"Positive.
"
13,https://gamerant.com/best-luxury-gaming-chairs/," For serious performance, professional-level ergonomics were incorporated into the design",1,"Neutral.
"
13,https://gamerant.com/best-luxury-gaming-chairs/, This is the gaming chair with all the functionality most gamers need,1,"Positive
"
14,https://www.gearhungry.com/best-gaming-chairs,"In terms of comfort, this is an ergonomically designed chair with lumbar support and a removable headrest",1,"The sentiment is **positive**. The text highlights positive features like ergonomic design, lumbar support, and a removable headrest, all of which contribute to comfort.
"
14,https://www.gearhungry.com/best-gaming-chairs," With over 5,000 positive reviews",1,"Positive
"
15,https://www.amazon.com/Noblerocker-Ergonomic-Headrest-Armrests-Comfortable/dp/B0BZRX13BQ,Very easy to adjust the arm rests,1,"Positive
"
15,https://www.amazon.com/Noblerocker-Ergonomic-Headrest-Armrests-Comfortable/dp/B0BZRX13BQ, The only 2 things I don't like are that the chair has a bit of wobble where it meets the cylinder,1,"Neutral. The text expresses a minor complaint (""wobble"") about a specific aspect of the chair. It's not overwhelmingly positive or negative.
"
16,https://www.yahoo.com/tech/asus-rog-destrier-ergo-chair-152802441.html,Built into this backrest is adjustable lumbar support which is some of the best I've tested in any office or gaming chair,1,"Positive
"
17,https://ergotune.com/blogs/articles/ergonomic-chair-or-gaming-chair,"But, in general, gaming chairs may feature slightly more comfortable materials",1,"Neutral. The text states a potential benefit (""slightly more comfortable"") but doesn't express strong positive or negative emotions. It's a factual observation.
"
17,https://ergotune.com/blogs/articles/ergonomic-chair-or-gaming-chair, These larger chairs feature memory foam wrapped all-around to grant you complete comfort and relaxation every time you sink into the chair,1,"Positive
"
17,https://ergotune.com/blogs/articles/ergonomic-chair-or-gaming-chair, This is particularly nice if you're watching TV or a movie in your gaming chair,1,"Positive
"
17,https://ergotune.com/blogs/articles/ergonomic-chair-or-gaming-chair," With a larger design, you can truly sink into these no matter your body type",1,"Positive.
"
17,https://ergotune.com/blogs/articles/ergonomic-chair-or-gaming-chair,"] When it comes to comfortability - meaning, how enjoyable it is to lounge in a specific chair - gaming chairs may have a slight edge",1,"Neutral
"
17,https://ergotune.com/blogs/articles/ergonomic-chair-or-gaming-chair,"] Sure, the comfort a gaming chair offers is great for some gamers",1,"Neutral
"
17,https://ergotune.com/blogs/articles/ergonomic-chair-or-gaming-chair," If you take your gaming seriously, you may not want a chair that practically lulls you to sleep",1,"Negative
"
17,https://ergotune.com/blogs/articles/ergonomic-chair-or-gaming-chair, This goes back to ergonomics,1,"Neutral
"
17,https://ergotune.com/blogs/articles/ergonomic-chair-or-gaming-chair," So, if you're a serious gamer looking for something to help your performance - the comfort and relaxation a gaming chair offers may actually be a drawback",1,"Negative
"
18,https://secretlab.co.uk/pages/reviews,"Reviews & Awards

Over 10,000 5-star ratings and multiple editors' choice awards can't be wrong — find out what makes Secretlab chairs great with reviews from the press and real users",1,"Positive
"
18,https://secretlab.co.uk/pages/reviews,"

TechRadar

TweakTown

Gameranx

Geek Culture

Awards

Reviews

Secretlab TITAN Evo

Gaming Chairs

Secretlab MAGNUS Pro

Sit-to-Stand Metal Desk with Magnetic Ecosystem

Secretlab MAGNUS Metal Desk

with Magnetic Ecosystem

Secretlab Classics Gaming Chair

OMEGA 2020

TITAN 2020

TITAN XL 2020

Featured

Featured",1,"Neutral. The text is a list of website names and product names related to gaming and tech. There is no indication of positive or negative opinions.
"
19,https://www.youtube.com/watch?v=xMQiERxMSfQ, RESPAWN Specter - https://respawnproducts,1,"Neutral
"
20,https://www.rollingstone.com/product-recommendations/lifestyle/best-gaming-chairs-988207/,"We review the best gaming chairs for PC gaming, consoles and live streaming",1,"Neutral. The text provides factual information about a review topic without expressing any positive or negative opinions.
"
20,https://www.rollingstone.com/product-recommendations/lifestyle/best-gaming-chairs-988207/, These popular racing-style seats are ergonomic and immersive,1,"Positive
"
21,https://www.popularmechanics.com/technology/gear/a32055360/best-gaming-chairs/,"With lumbar support, neck pillows, reclining backs, and a certain sense of style, gaming chairs take the sting out of work and play",1,"Positive
"
22,https://buymode.shop/uae-ar/blog/how-much-should-you-spend-on-a-gaming-chair?srsltid=AfmBOopW-K29Q-hIcKs75k87t5Zi01I6_fdixY3LnpUv0GU6wvvc8SxQ,A good gaming chair supports joint health and reduces strain,1,"Positive
"
23,https://www.youtube.com/watch?v=ki9RwsZDIK8,"*$300 Picks*
Respawn Spire - https://amzn",1,"Neutral
"
23,https://www.youtube.com/watch?v=ki9RwsZDIK8,"ly/49FZHBA (Herman Miller)
Anthros Gaming - https://glnk",1,"The sentiment is **neutral**. The text provides a link and mentions a brand (""Herman Miller"") and a related entity (""Anthros Gaming""), which suggests information or promotion rather than expressing a clear positive or negative opinion.
"
23,https://www.youtube.com/watch?v=ki9RwsZDIK8,"be/P5GsTIq6ewE

This $399 Chair is the BEST Value in Ergonomic Seating",1,"Positive
"
23,https://www.youtube.com/watch?v=ki9RwsZDIK8,"be/PVuCF8CPwgg

This Chair Was Built To Solve Back Pain | Anthros Review
https://youtu",1,"Based on the title ""This Chair Was Built To Solve Back Pain | Anthros Review"", the sentiment is likely **positive**. The text implies a solution to a common problem (back pain), suggesting a benefit and a positive user experience.
"
23,https://www.youtube.com/watch?v=ki9RwsZDIK8,"be/5bsSXDq4ToI

*Chairs in Video:*

*$100 Picks*
Staples Vortex Emerge - https://amzn",1,"The sentiment of the provided text is **neutral**. The text primarily presents factual information: links to a video, and details about the video content, specifically chair recommendations with a price range. It does not express any positive or negative opinions.
"
23,https://www.youtube.com/watch?v=ki9RwsZDIK8,"to/3YOAwu9
Respawn 3085 - https://amzn",1,"Neutral. The text contains a URL and the name ""Respawn 3085"" but lacks any emotional context or opinion.
"
24,https://www.razer.com/lifestyle/gaming-chairs?srsltid=AfmBOooyCk0AnqhGZWkYgnMHoVQHOK6pzQFKgy74LxsHiiEHS4kBF31e,"Razer gaming chairs are the among the best chairs for posture, reducing muscle fatigue and strain that can result from long hours of gaming, working or just",1,"Positive
"
25,https://www.gamesradar.com/gaming-chair-vs-office-chair/,"Gaming chairs are built to withstand longer use, which means they often employ materials that more users find comfortable",1,"**Positive**

**Reasoning:**

*   The text highlights benefits of gaming chairs: longer use and comfort. ""Comfortable"" is a positive adjective.
*   The text describes a positive outcome (comfortable experience for more users) derived from the design of gaming chairs."
26,https://www.bestbuy.com/site/arozzi-vernazza-premium-soft-fabric-ergonomic-office-gaming-chair-blue/6455450.p?skuId=6455450,Very comfortable and extremely easy install,1,"Positive
"
26,https://www.bestbuy.com/site/arozzi-vernazza-premium-soft-fabric-ergonomic-office-gaming-chair-blue/6455450.p?skuId=6455450, The quality of the product is good too,1,"Positive
"
26,https://www.bestbuy.com/site/arozzi-vernazza-premium-soft-fabric-ergonomic-office-gaming-chair-blue/6455450.p?skuId=6455450, Metal everywhere and the fabric is top tier,1,"Positive
"
26,https://www.bestbuy.com/site/arozzi-vernazza-premium-soft-fabric-ergonomic-office-gaming-chair-blue/6455450.p?skuId=6455450, Good for WFH and long gaming,1,"Positive
"
27,https://news.techable.com/best-pc-gaming-chair/,"As it has lumbar adjustment, you will feel more comfortable while gaming or doing normal tasks",1,"Positive
"
27,https://news.techable.com/best-pc-gaming-chair/, It raises up to about 6 inches,1,"Neutral. The text describes a physical characteristic (height) without conveying any emotional tone.
"
28,https://www.cnet.com/home/kitchen-and-household/best-office-chairs/,"Branch
If you spend time working, gaming or doing anything that involves sitting for a long time, you need a high-quality, supportive chair",1,"Positive
"
28,https://www.cnet.com/home/kitchen-and-household/best-office-chairs/,"] As a tech editor and gamer, I sit in an office chair for hours every day",1,"Neutral. The text describes a situation and job duties without expressing any positive or negative emotions.
"
28,https://www.cnet.com/home/kitchen-and-household/best-office-chairs/, I’ve tried out each chair on this list to help you narrow down your options,1,"Neutral
"
28,https://www.cnet.com/home/kitchen-and-household/best-office-chairs/," You’ll find a good mix here, including fancy luxury chairs, ones with lumbar or head support, gaming chairs designed for long sessions, ergonomic picks to keep you comfy and even some budget-friendly options that won’t break the bank",1,"Positive
"
28,https://www.cnet.com/home/kitchen-and-household/best-office-chairs/,"] I like the soft padded armrests, and they're adjustable in three ways: in/out, up/down and left/right",1,"Positive
"
28,https://www.cnet.com/home/kitchen-and-household/best-office-chairs/, I wish the lumbar support was equally adjustable,1,"Neutral. The text expresses a minor dissatisfaction (a ""wish"") but doesn't indicate strong positive or negative feelings. It's more of an observation.
"
28,https://www.cnet.com/home/kitchen-and-household/best-office-chairs/," It can move in and out, but it can't be raised to fit the curve of my tall back, so it never feels as supportive as I would like",1,"Negative.
"
28,https://www.cnet.com/home/kitchen-and-household/best-office-chairs/,"
Comfort Rating: Very comfortable
Show our expert take
Show our expert take",1,"Neutral
"
29,https://www.wakefit.co/office-chairs?srsltid=AfmBOoqFj7O7-7lCNTQ9uItW3TBBJ9yTA6KSHbuKhQnBxZEYokwCvOsS,"Designed to support long hours of gaming, these chairs feature high backrests, lumbar support, and comfortable padding",1,"Positive
"
30,https://www.quora.com/What-is-the-best-site-to-buy-gaming-chair-in-India,Don't buy a gaming chair! They just look nice but in reality they are uncomfortable,1,"Negative
"
30,https://www.quora.com/What-is-the-best-site-to-buy-gaming-chair-in-India," The cushioning is hard and rugged, the bumps around just",1,"Negative.
"
