Unnamed: 0,url,content,result
0,https://gamerant.com/secretlab-gaming-chairs-good-bad/,"Pros | Cons
Superior materials that won’t break down | Somewhat expensive
Lots of styles and colors to choose from | No mesh options
Scientifically designed for lasting durability | Realistically only one chair shape
Super comfortable | Older chair models challenging to find in stock
Looks professional enough for an office | Napa leather upholstery is known to peel and crack (currently being phased out)
Backed by up to a five-year warranty
Incredible selection of accessories
Pros

Cons [...] Are Secretlab chairs good? Reddit posts and Amazon reviews can be pretty harsh on the high cost of the chairs, but these threads also highlight plenty of reasons that Secretlab gaming chairs are a cut above the rest. Their reduction of options makes them less of a shoo-in for the absolute best gaming chair, but at the same time, the Titan Evo is seriously impressive.

Secretlab Gaming Chairs Overall Breakdown [...] Secretlab. Alternative armrests with memory foam can be magnetically swapped out with the default ones. Headrests (which also magnetically attach) and lumbar support pillows are made with Secretlab’s special cold-cured foam, ready to add comfort, too.","Here's the analysis of the product review in the requested format:

**1. Extract Pros and Cons:**

**Pros:**
* Superior materials that won’t break down
* Lots of styles and colors to choose from
* Scientifically designed for lasting durability
* Super comfortable
* Looks professional enough for an office
* Backed by up to a five-year warranty
* Incredible selection of accessories
* Alternative armrests with memory foam can be magnetically swapped out with the default ones
* Headrests (which also magnetically attach) and lumbar support pillows are made with Secretlab’s special cold-cured foam, ready to add comfort

**Cons:**
* Somewhat expensive
* No mesh options
* Realistically only one chair shape
* Older chair models challenging to find in stock
* Napa leather upholstery is known to peel and crack (currently being phased out)
* Reduction of options makes them less of a shoo-in for the absolute best gaming chair

**2. Sentiment Analysis:**

*   **Pros:** All pros express positive sentiment.
*   **Cons:** All cons express negative sentiment.

**3. Usefulness for Training:**

The review is useful for training a model because it provides specific details about the product's materials, design, comfort, style options, durability, accessories, and warranty. It also details the downsides like price, limited mesh options, and potential issues with the upholstery.

**4. Results in the specified format:**

Superior materials that won’t break down,Lots of styles and colors to choose from,Scientifically designed for lasting durability,Super comfortable,Looks professional enough for an office,Backed by up to a five-year warranty,Incredible selection of accessories,Alternative armrests with memory foam can be magnetically swapped out with the default ones,Headrests (which also magnetically attach) and lumbar support pillows are made with Secretlab’s special cold-cured foam, ready to add comfort;Somewhat expensive,No mesh options,Realistically only one chair shape,Older chair models challenging to find in stock,Napa leather upholstery is known to peel and crack (currently being phased out),Reduction of options makes them less of a shoo-in for the absolute best gaming chair;1;positive
"
1,https://www.reddit.com/r/secretlab/comments/14axd1w/my_honest_review_of_secretlab_titan_after_55/,"The armrests on my model were made of a kind of hard plastic rather than a soft cushion, which is just very uncomfortable. I believe they've improved this on the newer models, but in all honesty they never should have shipped any chairs with hard plastic armrests. It's just extremely cheap and uncomfortable.
Quality and longevity [...] r/secretlab
A subreddit for all things Secretlab — we engineer award-winning performance gaming chairs for work and play. Show off your awesome setups, discuss the Secretlab TITAN Evo or Secretlab Classics and Secretlab MAGNUS, or catch up with fellow Secretlab (or soon-to-be!) owners. [...] Mine has an inbuilt lumbar support, which I really liked when I bought it. However, in the end just a simple cushion would have been better because you can adjust the location. The inbuilt lumbar support is too low for my back, and you can't adjust the location, so it's kind of useless. It also doesn't protrude as much as I would need it to to fully support my back, so even if the location was correct, it still wouldn't suffice.","Cons: hard plastic armrests,inbuilt lumbar support too low and not adjustable,inbuilt lumbar support doesn't protrude enough;
Pros: liked inbuilt lumbar support when bought;
1;
negative
"
2,https://www.gamesradar.com/best-gaming-chair/,"(Image credit: Future / Duncan Robertson)
3. Secretlab Titan Evo
The best Secretlab gaming chair
Our expert review:
Specifications
Seat depth (S /R/ XL): 18.9-inches / 19.3-inches / 19.7-inches
Seat width (S /R/ XL): 17.7-inches / 18.5-inches / 19.3-inches
Height (S /R/ XL): 50-52.8-inches / 51.2-54-inches / /53.1-56.9-inches
Max weight: 285 lbs / 285 lbs / 395 lbs
Today's Best Deals
View at Secretlab
View at Amazon
Reasons to buy
+
NanoGen Edition is the most comfortable
+ [...] (Image credit: Future/Rob Dwiar)
7. Herman Miller X Logitech Vantum
The best gaming chair for ergonomics
Our expert review:
Specifications
Seat depth: 15-18-inches
Seat width: 29.4-inches
Height: 42-45-inches
Max weight: 300 lbs
Today's Best Deals
View at Herman Miller
View at Herman Miller
Check Amazon
Reasons to buy
+
Great mesh-chair design
+
Very comfortable
+
Posture-improving ergonomics
+
Sizeable warranty
+
Headrest is welcome
Reasons to avoid
-
As pricey as two SecretLab chairs
- [...] The Corsair TC10 Relaxed is perfect for folks who want comfort as well as all the posture bells and whistles gaming chairs are known for.
Read more below
Best Secretlab
3. Secretlab Titan Evo
View at Secretlab
View at Amazon
Best SecretLab
Secretlab's 2022 Titan Evo has so much going for it, including stunning build quality, and a myriad of designs, but its new NanoGen Edtion is our favorite.
Read more below
Best lumbar support
4. Razer Iskur V2
View at Amazon
View at Best Buy
View at Razer","Here's the analysis of the provided review, formatted as requested:

**Analysis:**

*   **Pros:** ""NanoGen Edition is the most comfortable"", ""Great mesh-chair design"", ""Very comfortable"", ""Posture-improving ergonomics"", ""Sizeable warranty"", ""Headrest is welcome"", ""stunning build quality"", ""myriad of designs""
*   **Cons:** ""As pricey as two SecretLab chairs""
*   **Useful for Training:** 1 (The review provides details about comfort, design, ergonomics, warranty, and price, as well as specific features like the NanoGen Edition and mesh design.)
*   **Overall Sentiment:** positive

**Formatted String:**

NanoGen Edition is the most comfortable,Great mesh-chair design,Very comfortable,Posture-improving ergonomics,Sizeable warranty,Headrest is welcome,stunning build quality,myriad of designs;As pricey as two SecretLab chairs;1;positive
"
3,https://news.ycombinator.com/item?id=27540941,"complain the cushions are 'hard' but that's because they actually support you rather then just compressing to nothing. The one thing I did do was add some slip on cushions to the plain plastic arm rests. |  |  | mech422on June 18, 2021|parent|prev|next[–]We have a couple of secret labs titans here as well...Awesome chairs, and have held up perfectly for 3 years now.  People complain the cushions are 'hard' but that's because they actually support you rather then just compressing to nothing. The [...] is hard and rises up near the front, cutting off circulation to the legs.Posture is all wrong, my back and bottom start hurting after a while and I'm constantly shifting positions to relieve the stress.A terrible, terrible chair.mech422on June 18, 2021|parent|prev|next[–]We have a couple of secret labs titans here as well...Awesome chairs, and have held up perfectly for 3 years now.  People complain the cushions are 'hard' but that's because they actually support you rather then just [...] for.https://secretlab.co/collections/titan-seriesTruthWillHurton June 18, 2021|parent|next[–]I have one and it's a terrible chair.The seat is too high, even at lowest setting. I had to raise my desk on blocks so I could cross my legs under it, which is just wrong because tables and chairs have standard heights so this shouldn't happen.I'm 175cm and my feet barely reach the floor. had to add a foot-stool.The arm rests are too far apart, I need to spread my arms wide to use them.The seat cushion","Here's the analysis of the product review:

*   **Pros:** cushions support you rather than compressing to nothing,Awesome chairs, held up perfectly for 3 years
    *   cushions support you rather than compressing to nothing: positive
    *   Awesome chairs: positive
    *   held up perfectly for 3 years: positive
*   **Cons:** seat is too high, arm rests are too far apart, seat cushion is hard and rises up near the front cutting off circulation, posture is all wrong, back and bottom start hurting, constantly shifting positions to relieve stress, terrible chair
    *   seat is too high: negative
    *   arm rests are too far apart: negative
    *   seat cushion is hard and rises up near the front cutting off circulation: negative
    *   posture is all wrong: negative
    *   back and bottom start hurting: negative
    *   constantly shifting positions to relieve stress: negative
    *   terrible chair: negative
*   **Useful for training:** 1 (The review provides specific details about the chair's features, performance, and user experience)
*   **Overall Sentiment:** Negative

**Result:**

cushions support you rather than compressing to nothing,Awesome chairs,held up perfectly for 3 years;seat is too high,arm rests are too far apart,seat cushion is hard and rises up near the front cutting off circulation,posture is all wrong,back and bottom start hurting,constantly shifting positions to relieve stress,terrible chair;1;negative
"
4,https://www.reddit.com/r/ShouldIbuythisgame/comments/14nkgq5/gaming_chairsyay_or_nay/?tl=pt-pt,"I had a leather gaming chair and while it was comfortable and all the adjustable features were nice, but when the time came to get a new chair I","Here's the analysis of the product review:

1.  **Pros:** Comfortable, Adjustable features were nice
2.  **Cons:** Null
3.  **Sentiment Analysis:**
    *   Comfortable: Positive
    *   Adjustable features were nice: Positive

4.  **Usefulness for Training:** The review is cut off and therefore doesn't provide a complete picture. Without knowing *why* the reviewer decided to get a new chair, it's not particularly useful.

5.  **Result:**

```
Comfortable,Adjustable features were nice;null;0;positive
```
"
